row_id,article_id,dataset_id,type
0,10.1371_journal.pone.0212669,E-GEOD-67851,Secondary
1,10.1371_journal.pone.0212669,E-GEOD-49243,Secondary
2,10.12688_f1000research.4660.1,https://doi.org/10.1254/jphs.crj05005x,Primary
3,10.1080_21645515.2023.2189598,ENSMMUT00000017222,Secondary
4,10.1038_s41597-019-0101-y,https://doi.org/10.5344/ajev.2014.14104,Primary
5,10.1073_pnas.2306723120,https://doi.org/10.15468/dl.a2a348,Primary
6,10.1140_epjc_s10052-016-4366-4,https://doi.org/10.1393/ncb/i2008-10670-y,Primary
7,10.7717_peerj.12422,https://doi.org/10.15468/dl.yak5vd,Primary
8,10.1371_journal.pcbi.1011828,PXD010458,Secondary
9,10.1186_s12864-019-5872-1,ENSDARG00000013250,Secondary
10,10.3389_fmicb.2024.1456637,SAMN33094114,Primary
11,10.1186_s40168-018-0532-2,PF01036,Secondary
12,10.1186_s40170-018-0185-4,GSE92742,Secondary
13,10.1186_s12882-019-1494-8,https://doi.org/10.2215/cjn.00580111,Primary
14,10.1017_s0007123423000601,https://doi.org/10.7910/dvn/fwckse,Primary
15,10.1186_s13326-019-0195-3,https://doi.org/10.5815/ijisa.2013.09.08,Primary
16,10.1371_journal.pcbi.1011828,PXD031556,Secondary
17,10.7554_elife.73695,https://doi.org/10.5665/sleep.3584,Primary
18,10.1080_02713683.2019.1607392,https://doi.org/10.1167/iovs.03-1145,Primary
19,10.1145_3461702.3462538,https://doi.org/10.3886/icpsr36791.v1,Primary
20,10.1038_s41597-023-02280-2,https://doi.org/10.5281/zenodo.3672421,Primary
21,10.1016_j.ast.2022.107401,https://doi.org/10.17862/cranfield,Primary
22,10.7554_eLife.72626,CHEMBL3733336,Secondary
23,10.1073_pnas.2306723120,https://doi.org/10.5066/f7df6pqs,Primary
24,10.1186_s12870-019-1632-2,SAMN10345064,Primary
25,10.1016_j.molcel.2018.11.006,https://doi.org/10.17632/jb4jjxsbb7.1,Primary
26,10.1038_s41598-020-59839-x,ENSBTAG00000021275,Secondary
27,10.7554_eLife.63194,SRR2429147,Secondary
28,10.3389_fmicb.2024.1456637,SAMN07159044,Primary
29,10.12688_f1000research.11698.1,https://doi.org/10.5256/f1000research.15389.r31598,Primary
30,10.5194_amt-15-3969-2022,https://doi.org/10.24381/cds.bd0915c6,Primary
31,10.7717_peerj.12422,https://doi.org/10.15468/dl.k6jv69,Primary
32,10.7717_peerj.12422,https://doi.org/10.15468/dl.wp98ts,Primary
33,10.1186_s13059-019-1924-8,GSM1872887,Secondary
34,10.1186_s12920-019-0646-9,GSE63695,Secondary
35,10.3133_ofr20231026,https://doi.org/10.5066/p918e2p3,Primary
36,10.12688_f1000research.4660.1,https://doi.org/10.5256/f1000research.4660.d34165,Primary
37,10.1186_s12864-019-5872-1,ENSDARG00000073933,Secondary
38,10.3389_fevo.2023.1112519,https://doi.org/10.1594/pangaea.921544,Primary
39,10.3897_zookeys.500.9360,https://doi.org/10.5061/dryad.dv44b,Primary
40,10.5194_gmd-13-335-2020,https://doi.org/10.5281/zenodo.3548147,Primary
41,10.1371_journal.pcbi.1011828,PXD019504,Secondary
42,10.1186_s12885-018-4768-9,https://doi.org/10.2176/nmc.ra2013-0200,Primary
43,10.5194_acp-22-5701-2022,https://doi.org/10.6096/aeroclo.1754,Primary
44,10.1080_15476286.2016.1232238,E-MTAB-4545,Secondary
45,10.1136_jitc-2021-003114,https://doi.org/10.2967/jnumed.118.222844,Primary
46,10.1590_1981-86372019000243506,https://doi.org/10.5301/jabfm.5000,Primary
47,10.1038_s41598-020-59839-x,IPR020858,Secondary
48,10.3389_feart.2023.1205211,https://doi.org/10.5066/p99mj096,Primary
49,10.7717_peerj.10452,SAMN16233642,Primary
50,10.1038_s41396-020-00885-8,IPR004963,Secondary
51,10.1128_spectrum.00422-24,K02419,Secondary
52,10.1186_s13068-017-0901-2,GSE90611,Secondary
53,10.1128_spectrum.00422-24,K02396,Secondary
54,10.1002_esp.5090,https://doi.org/10.5066/p9353101,Primary
55,10.1128_spectrum.00422-24,K02556,Secondary
56,10.1038_s41597-019-0101-y,SAMN10880026,Primary
57,10.1111_1365-2664.13128,https://doi.org/10.2981/11-058,Primary
58,10.7554_elife.73695,https://doi.org/10.1620/tjem.246.65,Primary
59,10.14379_iodp.proc.390393.208.2024,https://doi.org/10.1351/pac199466020273,Primary
60,10.1107_s2059798322005691,https://doi.org/10.18150/r3btbm,Primary
61,10.1186_s40657-018-0125-6,https://doi.org/10.14344/ioc.ml.8.1,Primary
62,10.1186_s12920-018-0403-5,GSE72205,Secondary
63,10.3133_cir1497,https://doi.org/10.5066/p9gcdyt2,Primary
64,10.5937_bnhmb1811227u,https://doi.org/10.15468/dl.ize4xxinaturalist.org,Primary
65,10.1029_2023ea002840,https://doi.org/10.3402/tellusb.v61i2.16839,Primary
66,10.1093_beheco_arad016,https://doi.org/10.5061/dryad.rxwdbrvdc,Primary
67,10.7554_eLife.72626,CHEMBL3347551,Secondary
68,10.1186_s12913-018-3333-1,https://doi.org/10.1179/2046905514y.0000000115,Primary
69,10.1186_s12859-020-3415-z,https://doi.org/10.2390/biecoll-jib-2015-267,Primary
70,10.12688_f1000research.13622.1,https://doi.org/10.5256/f1000research.13622.d194236,Primary
71,10.1029_2023ea002840,https://doi.org/10.1594/pangaea.964085,Primary
72,10.1128_spectrum.00422-24,K02417,Secondary
73,10.3389_fmicb.2024.1456637,SAMN33094102,Primary
74,10.1029_2019jg005297,https://doi.org/10.5061/dryad.pp045j3,Primary
75,10.1029_2019pa003774,cp123120,Secondary
76,10.1145_3461702.3462538,https://doi.org/10.3886/icpsr27646.v1,Primary
77,10.1186_s12866-020-01863-y,SRX7550679,Secondary
78,10.1186_s12864-019-6324-7,https://doi.org/10.32614/rj-2013-014,Primary
79,10.1186_s12864-015-2206-9,ENSMODG00000014381,Secondary
80,10.1186_s12859-016-0922-z,SRR881672,Secondary
81,10.1590_fst.36617,https://doi.org/10.3923/pjn.2015.62.66,Primary
82,10.3133_ofr20231026,https://doi.org/10.5066/p9kehy2s,Primary
83,10.3133_cir1497,https://doi.org/10.5066/p9vysweh,Primary
84,10.1111_eva.12446,https://doi.org/10.5061/dryad.7g2c9,Primary
85,10.1039_d0sc02676j,https://doi.org/10.1592/phco.22.9.705.34062,Primary
86,10.7554_eLife.72626,https://doi.org/10.14440/jbm.2015.63,Primary
87,10.1016_j.ecolind.2021.107934,https://doi.org/10.6096/ctoh_seaice_2019_12,Primary
88,10.1016_j.molcel.2018.11.006,E-GEOD-44672,Secondary
89,10.4025_actasciagron.v40i1.39392,https://doi.org/10.5897/ajb11.627,Primary
90,10.1186_s12870-019-1904-x,erp026,Secondary
91,10.1186_s13072-019-0285-6,GSE54167,Secondary
92,10.1186_s12913-018-3333-1,https://doi.org/10.2471/blt.12.105445,Primary
93,10.1080_21645515.2023.2189598,ENSMMUT00000044361,Secondary
94,10.1186_s13071-018-3084-1,https://doi.org/10.11606/issn.2358-792x.v8i1p15-136,Primary
95,10.1371_journal.pone.0212669,E-GEOD-53224,Secondary
96,10.3390_v11060565,https://doi.org/10.3382/ps/pez011,Primary
97,10.1111_acel.13089,https://doi.org/10.6075/j0707ztm,Primary
98,10.1128_spectrum.00422-24,K02421,Secondary
99,10.1186_s12859-016-0922-z,GSM1722948,Secondary
100,10.1038_s41598-020-59839-x,ENSOARG00000003950,Secondary
101,10.3133_ofr20231027,https://doi.org/10.1579/0044-7447-31.2.60,Primary
102,10.1186_s13068-018-1167-z,PRJEB25632,Secondary
103,10.1371_journal.pone.0159387,PRJNA287300,Secondary
104,10.1016_j.websem.2024.100815,https://doi.org/10.17863/cam.82548,Primary
105,10.1186_s12933-019-0813-5,https://doi.org/10.20982/tqmp.05.1.p011,Primary
106,10.1186_gb-2010-11-10-r101,https://doi.org/10.1100/tsw.2006.320,Primary
107,10.1038_s41597-019-0101-y,SAMN10880025,Primary
108,10.3389_fcell.2020.618552,https://doi.org/10.5281/zenodo.4311473,Primary
109,10.1016_j.ast.2022.107401,https://doi.org/10.1166/jcsmd.2016.1104,Primary
110,10.1371_journal.pone.0212669,E-GEOD-48780,Secondary
111,10.1186_s12879-019-3766-0,https://doi.org/10.3947/ic.2016.48.4.274,Primary
112,10.1371_journal.pcbi.1011828,PXD001676,Secondary
113,10.1038_s41396-020-00885-8,IPR000884,Secondary
114,10.3389_fmicb.2024.1456637,SAMN33094099,Primary
115,10.1111_1365-2664.13446,https://doi.org/10.1560/x7k3-9jg8-mh2j-xgx1,Primary
116,10.7554_elife.29944,https://doi.org/10.5252/g2011n3a5,Primary
117,10.1098_rsos.170796,https://doi.org/10.1669/0883-1351,Primary
118,10.12688_f1000research.11698.1,https://doi.org/10.5256/f1000research.11698.d163784,Primary
119,10.1371_journal.pone.0159387,PRJNA167259,Secondary
120,10.1212_wnl.0000000000006035,PXD009578,Secondary
121,10.1186_s12918-018-0564-z,GSE24375,Secondary
122,10.1128_JVI.01717-21,EPI_ISL_332396,Secondary
123,10.1242_bio.035071,https://doi.org/10.2305/iucn.uk.20161.rlts.t88425992a88425995.en,Primary
124,10.1371_journal.pone.0253228,https://doi.org/10.5061/dryad.j0zpc86f2,Primary
125,10.1101_096297,https://doi.org/10.5281/zenodo.817658,Primary
126,10.1002_chem.202003167,DRX500,Secondary
127,10.1111_gcb.13914,https://doi.org/10.15131/shef.data.5414629,Primary
128,10.1111_cas.12935,CAB009216,Secondary
129,10.1111_mec.16743,PRJNA794822,Secondary
130,10.1364_oe.25.001985,https://doi.org/10.15125/bath-00325,Primary
131,10.1038_s41597-019-0101-y,SAMN10880038,Primary
132,10.1002_nafm.10870,https://doi.org/10.2305/iucn.uk.2013-1.rlts.t202153a18,Primary
133,10.1128_spectrum.00422-24,K02414,Secondary
134,10.12688_f1000research.4660.1,https://doi.org/10.5256/f1000research.4981.r5845,Primary
135,10.12688_f1000research.11698.1,https://doi.org/10.5256/f1000research.11698.d163783,Primary
136,10.1186_s12885-017-3237-1,https://doi.org/10.1309/ajcpst1cthzs3psz,Primary
137,10.1371_journal.pone.0212669,E-GEOD-19722,Secondary
138,10.1242_dev.138545,https://doi.org/10.3181/00379727-135-34985,Primary
139,10.1111_cas.12935,HPA030827,Secondary
140,10.1590_fst.33717,https://doi.org/10.5433/1679-0359.2011v32n4p1439,Primary
141,10.5194_se-13-1541-2022,https://doi.org/10.4401/ag-8450,Primary
142,10.1038_s41598-020-59839-x,ENSOARG00000013782,Secondary
143,10.1038_s41396-020-00885-8,IPR011124,Secondary
144,10.1128_spectrum.00422-24,K02410,Secondary
145,10.1186_s13059-020-02048-6,https://doi.org/10.17504/protocols.io.3eqgjdw,Primary
146,10.1101_2022.07.21.501061,https://doi.org/10.15468/dl.uejpg6,Primary
147,10.7554_eLife.63194,PF05183,Secondary
148,10.3389_feart.2023.1205211,https://doi.org/10.5066/p9myl7wj,Primary
149,10.3389_feart.2023.1205211,https://doi.org/10.5066/p96zbxk8,Primary
150,10.1029_2019jg005297,https://doi.org/10.5066/f78s4n1v,Primary
151,10.1186_s12864-018-5054-6,SRP160000,Secondary
152,10.7554_eLife.63194,SRR2430028,Secondary
153,10.1002_cssc.202201821,https://doi.org/10.5281/zenodo.7074790,Primary
154,10.1186_s40793-015-0095-9,PRJDB2892,Secondary
155,10.1186_s12864-019-6131-1,SRR7194798,Secondary
156,10.1103_physrevresearch.4.023008,https://doi.org/10.5291/ill-data.5-31-2380,Primary
157,10.1534_g3.119.400993,GSE68510,Secondary
158,10.1145_3461702.3462538,https://doi.org/10.3886/icpsr30770.v1,Primary
159,10.1186_s12870-019-1632-2,PRJNA499783,Secondary
160,10.1128_JVI.01717-21,EPI_ISL_332399,Secondary
161,10.7554_elife.29944,NC_001640.1,Secondary
162,10.21105_joss.04237,https://doi.org/10.15485/1843541,Primary
163,10.1186_s12977-015-0204-2,GSE70106,Secondary
164,10.3389_fmicb.2024.1456637,SAMN07159041,Primary
165,10.1016_j.jsames.2022.103824,https://doi.org/10.5066/f7k072r7,Primary
166,10.1371_journal.pcbi.1011828,https://doi.org/10.1377/hlthaff.2017.1558,Primary
167,10.7717_peerj.10452,SAMN16233662,Primary
168,10.1186_gb-2010-11-10-r101,GSE24237,Secondary
169,10.1111_ddi.13153,https://doi.org/10.13157/arla.2.2019.ra1,Primary
170,10.1073_pnas.1323607111,https://doi.org/10.5061/dryad.v2t58,Primary
171,10.1534_g3.119.400401,https://doi.org/10.13020/adqb-bb41,Primary
172,10.1145_3461702.3462538,https://doi.org/10.3886/icpsr25113.v1,Primary
173,10.7717_peerj.10452,SAMN16233649,Primary
174,10.1128_spectrum.00422-24,K02389,Secondary
175,10.3389_fmicb.2024.1456637,SAMN08172567,Primary
176,10.1007_s00259-022-06053-8,https://doi.org/10.7937/k9/tcia.2017.7hs46erv,Primary
177,10.1186_s13059-019-1924-8,GSM1872889,Secondary
178,10.1186_s40478-018-0561-x,GSE110718,Secondary
179,10.1534_g3.119.400401,PRJNA488050,Secondary
180,10.1371_journal.pone.0159387,CP013147,Secondary
181,10.1038_s41396-020-00885-8,IPR004911,Secondary
182,10.1371_journal.pone.0200041,https://doi.org/10.5061/dryad.f8c5r7q,Primary
183,10.1145_3461702.3462538,https://doi.org/10.3886/icpsr36398.v1,Primary
184,10.1080_19475683.2023.2226196,https://doi.org/10.4098/at.arch.88-15,Primary
185,10.1186_s12864-019-6131-1,SRR2028138,Secondary
186,10.3389_fmicb.2024.1456637,SAMN08199278,Primary
187,10.1128_spectrum.00422-24,K02401,Secondary
188,10.1186_s12859-018-2263-6,GSE37147,Secondary
189,10.3389_feart.2023.1205211,https://doi.org/10.5066/f7930r7p,Primary
190,10.1590_1807-3107bor-2019.vol33.0095,https://doi.org/10.2310/6130.2006.00001,Primary
191,10.5194_se-13-1541-2022,https://doi.org/10.1594/pangaea.938422,Primary
192,10.1371_journal.pcbi.1011828,PXD032899,Secondary
193,10.1098_rsos.170796,https://doi.org/10.1666/09506.1,Primary
194,10.1371_journal.pone.0220399,https://doi.org/10.5061/dryad.8t3g361,Primary
195,10.1186_s12864-019-6131-1,https://doi.org/10.1095/biolreprod.113.111211,Primary
196,10.1186_s13046-018-0843-y,PXD007771,Secondary
197,10.1590_1678-4499.20190067,https://doi.org/10.15809/irriga.2012v17n2p245,Primary
198,10.1186_s12859-016-0922-z,SRR881451,Secondary
199,10.1186_s12879-019-3766-0,https://doi.org/10.2169/internalmedicine.49.4117,Primary
200,10.1186_s13059-019-1840-y,https://doi.org/10.5281/zenodo.1579496,Primary
201,10.3389_fpls.2023.1160645,https://doi.org/10.5281/zenodo.1316618,Primary
202,10.1080_19475683.2023.2226196,https://doi.org/10.15468/dl.txwcpa,Primary
203,10.3389_fevo.2023.1112519,https://doi.org/10.23818/limn.33.22,Primary
204,10.7717_peerj.10452,SAMN16233658,Primary
205,10.3133_ofr20201035,https://doi.org/10.2173/bna,Primary
206,10.1186_s40168-018-0550-0,PRJNA273799,Secondary
207,10.1128_spectrum.00422-24,K02400,Secondary
208,10.1186_s12864-019-6131-1,SRR952232,Secondary
209,10.1371_journal.pcbi.1011828,E-PROT-23,Secondary
210,10.5194_essd-2023-198,https://doi.org/10.17882/94147,Primary
211,10.1371_journal.pcbi.1011828,E-PROT-109,Secondary
212,10.1128_spectrum.00422-24,K02422,Secondary
213,10.1016_j.jobe.2023.107105,https://doi.org/10.15142/t3td19,Primary
214,10.1617_s11527-023-02260-3,https://doi.org/10.5518/1438,Primary
215,10.1016_j.ast.2022.107401,https://doi.org/10.1166/jcsmd,Primary
216,10.1186_s12974-020-01860-y,BX003377,Secondary
217,10.1038_s41598-020-59839-x,ENSOARG00000002144,Secondary
218,10.7717_peerj.10452,SAMN16233645,Primary
219,10.1038_s41597-019-0101-y,SAMN10880031,Primary
220,10.1186_s13059-019-1918-6,GSE118622,Secondary
221,10.1128_spectrum.00422-24,PF13377,Secondary
222,10.1186_s12933-019-0813-5,https://doi.org/10.1631/jzus.b1700073,Primary
223,10.1186_s13024-018-0254-8,GSE65067,Secondary
224,10.12688_f1000research.11698.1,https://doi.org/10.5256/f1000research.11698.d163781,Primary
225,10.1186_s12864-019-6324-7,erx046,Secondary
226,10.1101_096297,PRJEB14167,Secondary
227,10.1136_jitc-2021-003114,CVCL_3967,Secondary
228,10.1111_1365-2745.13449,https://doi.org/10.5061/dryad.r7sqv9s8n,Primary
229,10.1107_s2059798322005691,https://doi.org/10.18150/vazz2f,Primary
230,10.1186_s12866-019-1542-3,NC_007322.2,Secondary
231,10.1107_s2059798322005691,https://doi.org/10.18150/t0wc49,Primary
232,10.3389_fcell.2020.618552,GSE33949,Secondary
233,10.12688_f1000research.11698.1,https://doi.org/10.5256/f1000research.12639.r23964,Primary
234,10.1073_pnas.2306723120,https://doi.org/10.5281/zenodo.8411975,Primary
235,10.1186_s12864-019-5872-1,ENSDARG00000074636,Secondary
236,10.1080_21645515.2023.2189598,ENSMMUT00000046595,Secondary
237,10.1111_1365-2435.13569,https://doi.org/10.5061/dryad.9s4mw6mbw,Primary
238,10.1186_s12859-016-0938-4,GSM915175,Secondary
239,10.1136_jitc-2021-003114,CVCL_2213,Secondary
240,10.3389_fmicb.2024.1456637,SAMN12620693,Primary
241,10.20944_preprints202009.0353.v1,https://doi.org/10.15468/dl.jx7wck,Primary
242,10.1098_rsos.170796,https://doi.org/10.5061/dryad.2g5f9,Primary
243,10.1186_s12885-020-06724-5,https://doi.org/10.3332/ecancer.2014.434,Primary
244,10.1590_0104-530x4900-19,https://doi.org/10.1057/palgrave.jors.2602412,Primary
245,10.1111_cas.12935,HPA042865,Secondary
246,10.1080_19475683.2023.2226196,https://doi.org/10.15468/dl.zrhwa2,Primary
247,10.3389_fcimb.2024.1292467,EPI_ISL_2402571,Secondary
248,10.3390_v11060565,KX000727,Secondary
249,10.1371_journal.pone.0159387,SRX1830060,Secondary
250,10.1038_s41598-020-59839-x,ENSOARG00000002898,Secondary
251,10.1038_s41598-020-59839-x,ENSOARG00000013303,Secondary
252,10.3133_ofr20231026,https://doi.org/10.5066/p9irl3gv,Primary
253,10.1186_s12864-019-6131-1,NC_006112.4,Secondary
254,10.7554_elife.73695,https://doi.org/10.5281/zenodo.5905742,Primary
255,10.1128_JVI.01717-21,EPI_ISL_445093,Secondary
256,10.3389_fcimb.2024.1292467,EPI_ISL_2340614,Secondary
257,10.1186_s13068-018-1167-z,PRJNA265584,Secondary
258,10.1128_JVI.01717-21,EPI_ISL_445091,Secondary
259,10.1590_1809-2950_19008627012020,https://doi.org/10.3352/jeehp.2017.14.23,Primary
260,10.3389_fmicb.2024.1456637,SAMN12620704,Primary
261,10.7717_peerj.10452,https://doi.org/10.1263/jbb.101.42,Primary
262,10.1101_096297,SRP065082,Secondary
263,10.1186_s12885-018-4229-5,https://doi.org/10.20892/j.issn.2095-3941.2016.0002,Primary
264,10.3390_molecules23123199,https://doi.org/10.3923/ijb.2008.56.61,Primary
265,10.1101_096297,PRJNA323493,Secondary
266,10.1186_s12866-020-01863-y,CP041215,Secondary
267,10.3389_fmicb.2024.1456637,SAMN09534374,Primary
268,10.1186_s13326-019-0195-3,https://doi.org/10.1370/afm.821,Primary
269,10.1021_acsomega.3c06074,https://doi.org/10.4018/ijqspr.2016010102,Primary
270,10.1038_s41396-020-00885-8,IPR005524,Secondary
271,10.1080_21645515.2023.2189598,NM_001257671,Secondary
272,10.1371_journal.pcbi.1011828,E-PROT-101,Secondary
273,10.1371_journal.pone.0146274,ENSBTAG00000019255,Secondary
274,10.1186_s13100-019-0153-8,https://doi.org/10.3767/003158516x689657,Primary
275,10.1186_s12864-019-6131-1,PRJEB22479,Secondary
276,10.7717_peerj.12422,https://doi.org/10.15468/dl.72ddmz,Primary
277,10.3389_fmicb.2024.1456637,SAMN03019926,Primary
278,10.1021_acsomega.3c06074,CHEMBL572163,Secondary
279,10.1038_s41598-020-59839-x,ENSOARG00000005291,Secondary
280,10.1073_pnas.1915395117,https://doi.org/10.6073/pasta/57108aaeede00e77cac110bc5366a92b,Primary
281,10.1128_spectrum.00422-24,K02398,Secondary
282,10.1021_jacs.2c06519,https://doi.org/10.25377/sussex.21184705,Primary
283,10.1186_s12918-018-0620-8,PXD008153,Secondary
284,10.3390_v11060565,EPI1104285,Secondary
285,10.5194_essd-2023-198,https://doi.org/10.17882/94146,Primary
286,10.1080_21645515.2023.2189598,ENSMMUT00000047863,Secondary
287,10.3389_fcimb.2024.1292467,EPI_ISL_1626969,Secondary
288,10.5194_essd-12-1287-2020,https://doi.org/10.17882/62352,Primary
289,10.3389_fcell.2020.618552,E-MTAB-9077,Secondary
290,10.1186_s12864-015-2206-9,SRX015790,Secondary
291,10.1002_ece3.3985,https://doi.org/10.4159/harvard.9780674433960,Primary
292,10.1186_s12918-018-0564-z,https://doi.org/10.1245/s10434-016-5645-x,Primary
293,10.1186_s11689-019-9287-8,https://doi.org/10.1207/s15326942dn2701_3,Primary
294,10.5194_tc-17-3617-2023,https://doi.org/10.5281/zenodo.5109574,Primary
295,10.1080_19475683.2023.2226196,https://doi.org/10.15468/dl.ah5fq7,Primary
296,10.1186_s12931-019-1001-6,https://doi.org/10.4187/respcare.02848,Primary
297,10.1186_s12870-019-1632-2,https://doi.org/10.5923/j.ajbe.20120205.03,Primary
298,10.1039_d1ee03696c,https://doi.org/10.7567/apex.6.044101,Primary
299,10.1186_s12943-019-1017-z,GSE11324,Secondary
300,10.7554_eLife.63194,PF02171,Secondary
301,10.1186_s12868-018-0468-2,https://doi.org/10.1167/iovs.16-19536,Primary
302,10.1371_journal.pone.0159387,PRJNA296687,Secondary
303,10.3390_microorganisms8121872,CHEMBL76,Secondary
304,10.1111_ddi.13153,https://doi.org/10.4322/natcon.00801003,Primary
305,10.1186_s12864-019-5872-1,ENSDARG00000052766,Secondary
306,10.1038_s41597-023-02280-2,EMPIAR-10590,Secondary
307,10.1080_21645515.2023.2189598,ENSMMUT00000003274,Secondary
308,10.1128_spectrum.00422-24,K04562,Secondary
309,10.1186_s12881-019-0773-3,https://doi.org/10.1258/acb.2010.010025,Primary
310,10.3762_bjoc.9.92,https://doi.org/10.3987/com-06-10747,Primary
311,10.3390_v11060565,EPI1184014,Secondary
312,10.1038_s41598-020-59839-x,ENSBTAG00000032007,Secondary
313,10.1038_s41597-023-02280-2,EMPIAR-10017,Secondary
314,10.1038_s41598-020-59839-x,ENSBTAG00000017869,Secondary
315,10.1186_s12859-016-0922-z,SRR950082,Secondary
316,10.1186_s12933-019-0813-5,https://doi.org/10.1542/peds.111.4.851,Primary
317,10.1111_ddi.13161,https://doi.org/10.5061/dryad.73n5tb2v8,Primary
318,10.5194_essd-8-663-2016,https://doi.org/10.1594/pangaea.845258,Primary
319,10.1038_s41598-020-59839-x,ENSOARG00000014129,Secondary
320,10.3389_fmicb.2024.1456637,SAMN12620697,Primary
321,10.18438_eblip29674,https://doi.org/10.1300/j104v40n02_05,Primary
322,10.1002_2017jc013030,https://doi.org/10.17882/49388,Primary
323,10.1186_s12859-016-0922-z,SRR879615,Secondary
324,10.1186_s13014-018-1166-z,https://doi.org/10.4236/jct.2016.73018,Primary
325,10.1371_journal.pone.0212669,E-GEOD-64857,Secondary
326,10.21105_joss.04237,https://doi.org/10.5281/zenodo.2592232,Primary
327,10.1111_ejn.13855,https://doi.org/10.5281/zenodo.1158410,Primary
328,10.1007_s00382-022-06361-7,https://doi.org/10.6075/j0154fjj,Primary
329,10.5194_essd-2023-187,https://doi.org/10.17882/53389,Primary
330,10.1590_1809-4430-eng.agric.v40n1p24-33_2020,https://doi.org/10.7127/rbai.v7n400168,Primary
331,10.1186_s13104-019-4058-x,https://doi.org/10.2106/00004623-199173090-00004,Primary
332,10.1080_21645515.2023.2189598,NM_001194422,Secondary
333,10.1186_s13072-019-0285-6,GSE73406,Secondary
334,10.3390_s23177333,https://doi.org/10.22430/22565337.1491,Primary
335,10.1371_journal.pone.0159387,PRJNA16146,Secondary
336,10.1128_JVI.01717-21,EPI_ISL_293286,Secondary
337,10.1186_s12918-018-0564-z,https://doi.org/10.1634/theoncologist.2010-0379,Primary
338,10.1186_s12862-019-1509-x,https://doi.org/10.14310/horm.2002.1111024,Primary
339,10.1186_s13568-018-0680-6,https://doi.org/10.1051/rnd:2001112,Primary
340,10.1111_cas.12935,HPA003156,Secondary
341,10.7717_peerj.10452,SAMN16233650,Primary
342,10.1371_journal.pone.0212669,E-GEOD-63626,Secondary
343,10.3897_zoologia.36.e32053,https://doi.org/10.18473/lepi.70i4.a4,Primary
344,10.5194_amt-15-3969-2022,https://doi.org/10.5067/modis/myd06_l2.006,Primary
345,10.1021_acsomega.3c06074,CHEMBL1257821,Secondary
346,10.3389_fmicb.2024.1456637,SAMN12620703,Primary
347,10.1186_s12866-015-0509-2,PRJNA283549,Secondary
348,10.1002_esp.5058,https://doi.org/10.5066/p9fw6e8k,Primary
349,10.1039_d0sc01518k,https://doi.org/10.18388/abp.2017_1569,Primary
350,10.1111_njb.02077,https://doi.org/10.5061/dryad.2gh0ht2,Primary
351,10.1002_mp.14424,https://doi.org/10.7937/tcia.2020.6c7ygq39,Primary
352,10.1371_journal.pone.0159387,PRJNA167229,Secondary
353,10.1617_s11527-023-02260-3,https://doi.org/10.1680/jtran.18.00040,Primary
354,10.1186_s12859-018-2146-x,https://doi.org/10.4238/2014.march.24.5,Primary
355,10.1002_esp.5058,https://doi.org/10.22161/ijaers,Primary
356,10.1111_cas.12935,HPA001612,Secondary
357,10.1128_JVI.01717-21,EPI_ISL_291131,Secondary
358,10.1038_s41893-020-0559-9,https://doi.org/10.1594/pangaea.806957,Primary
359,10.1029_2023wr035126,https://doi.org/10.4296/cwrj3302165,Primary
360,10.3389_feart.2023.1205211,https://doi.org/10.5066/p9tw2x7y,Primary
361,10.1111_1365-2745.13449,PRJNA627488,Secondary
362,10.1038_s41597-023-02280-2,https://doi.org/10.5281/zenodo.7934683,Primary
363,10.1371_journal.pone.0159387,PRJNA10687,Secondary
364,10.1186_s12866-019-1542-3,https://doi.org/10.21886/2219-8075-2017-8-3-17-22,Primary
365,10.1186_s13059-017-1200-8,https://doi.org/10.5281/zenodo.437554,Primary
366,10.1186_s13072-019-0285-6,GSE19602,Secondary
367,10.21105_joss.04237,https://doi.org/10.5281/zenodo.3822494,Primary
368,10.7554_elife.63455,https://doi.org/10.5061/dryad.37pvmcvj9,Primary
369,10.1186_s12859-016-0922-z,SRR879800,Secondary
370,10.1186_s12864-019-6131-1,ERR519288,Secondary
371,10.7554_elife.73695,https://doi.org/10.1249/mss.0000000000001344,Primary
372,10.3389_fcimb.2024.1292467,EPI_ISL_2340662,Secondary
373,10.7717_peerj.12422,https://doi.org/10.15468/dl.p4r693,Primary
374,10.1055_s-0039-1693681,https://doi.org/10.3988/jcn.2011.7.2.69,Primary
375,10.1128_spectrum.00422-24,SRX23571306,Secondary
376,10.1029_2021ea001703,https://doi.org/10.13020/jjdx-1m95,Primary
377,10.1371_journal.pone.0159387,https://doi.org/10.2165/11317030-000000000-00000,Primary
378,10.1186_s12915-018-0584-6,CVCL_0188,Secondary
379,10.1186_s12920-019-0628-y,GSE16476,Secondary
380,10.3389_fpls.2023.1160645,https://doi.org/10.7235/hort.20200076,Primary
381,10.1186_s13073-020-00727-4,https://doi.org/10.5281/zenodo.3661416,Primary
382,10.5194_acp-2021-570,https://doi.org/10.22033/esgf/cmip6.10843,Primary
383,10.1186_s13024-018-0266-4,PXD007160,Secondary
384,10.1021_acscentsci.1c01109,https://doi.org/10.21942/uva.17040392,Primary
385,10.1186_s12920-018-0379-1,GSE115601,Secondary
386,10.3389_fcell.2020.618552,E-MTAB-9291,Secondary
387,10.7554_elife.29944,https://doi.org/10.5061/dryad.8153g,Primary
388,10.1186_s12864-019-6131-1,PRJEB25675,Secondary
389,10.1107_s2059798322005691,https://doi.org/10.18150/vaojlj,Primary
390,10.1038_s41467-018-04041-x,https://doi.org/10.3989/scimar.2001.65s285,Primary
391,10.3389_fevo.2023.1112519,https://doi.org/10.1594/pangaea.941237,Primary
392,10.7717_peerj.10452,SAMN16233656,Primary
393,10.1016_j.molcel.2018.11.006,GSE44672,Secondary
394,10.5194_se-13-1541-2022,https://doi.org/10.5067/gpm/imergdf/day/06,Primary
395,10.1136_jitc-2021-003114,CVCL_0627,Secondary
396,10.1186_s12870-020-2295-8,PRJNA574257,Secondary
397,10.17581_bp.2020.09104,https://doi.org/10.15468/dl.elq8xm,Primary
398,10.1080_19475683.2023.2226196,https://doi.org/10.15468/dl.sz5x6g,Primary
399,10.1128_spectrum.00422-24,K02408,Secondary
400,10.12688_f1000research.11698.1,https://doi.org/10.5256/f1000research.11698.d163788,Primary
401,10.7717_peerj.10452,SAMN16233653,Primary
402,10.1177_0018720820970751,https://doi.org/10.1518/001872097778543886,Primary
403,10.1590_0104-6632.20190362s20180340,https://doi.org/10.21168/rega.v9n2,Primary
404,10.1590_0102.3772e35417,https://doi.org/10.15446/rsap.v20n3.47748,Primary
405,10.3133_fs20233046,https://doi.org/10.5066/p9ys1x7p,Primary
406,10.1590_0102.3772e35417,https://doi.org/10.5042/jacpr.2010.0001,Primary
407,10.1186_s12967-020-02311-1,GSE31312,Secondary
408,10.7554_eLife.63194,SRR2430030,Secondary
409,10.1029_2021pa004379,https://doi.org/10.25921/dt5g-my32,Primary
410,10.1002_esp.5090,https://doi.org/10.5459/bnzsee.41.2.5167,Primary
411,10.1186_s12864-019-5872-1,PRJDB4785,Secondary
412,10.1007_s00382-022-06361-7,https://doi.org/10.6075/j0891,Primary
413,10.1080_19475683.2023.2226196,https://doi.org/10.15468/dl.waw9qx,Primary
414,10.3390_microorganisms8121872,CHEMBL243644,Secondary
415,10.1186_s12882-019-1494-8,https://doi.org/10.2215/cjn.06870909,Primary
416,10.3133_ofr20201035,https://doi.org/10.5066/p9zudioh,Primary
417,10.1186_s12864-019-5872-1,ENSDARG00000028533,Secondary
418,10.3389_fchem.2019.00828,https://doi.org/10.31635/ccschem.019.20180011,Primary
419,10.3390_v11060565,EPI1019558,Secondary
420,10.7717_peerj.11352,https://doi.org/10.2983/035.028.0222,Primary
421,10.1038_s41396-020-00885-8,IPR002889,Secondary
422,10.1186_s13059-020-02048-6,GSE141115,Secondary
423,10.1371_journal.pone.0146274,ENSCAFG00000013506,Secondary
424,10.1186_s13059-020-1949-z,GSM2396858,Secondary
425,10.3847_1538-4357_aae92c,https://doi.org/10.3847/1538-4357/aae92c,Primary
426,10.3390_v11060565,EPI1019551,Secondary
427,10.1186_s12866-020-01863-y,SRX8097936,Secondary
428,10.1186_s13059-020-1949-z,GSM3630201,Secondary
429,10.1186_s12934-018-1005-9,PF15652,Secondary
430,10.1186_s12864-019-6131-1,SRR2028042,Secondary
431,10.18438_eblip29674,https://doi.org/10.6078/d1k419,Primary
432,10.1186_s12916-019-1469-4,GSE135055,Secondary
433,10.1186_s13148-018-0581-1,BX936347,Secondary
434,10.1002_ecs2.4619,https://doi.org/10.25349/d9qw5x,Primary
435,10.1016_j.molcel.2018.11.006,https://doi.org/10.17632/xtb4mkvf8f.1,Primary
436,10.1145_3461702.3462538,https://doi.org/10.3886/icpsr30765.v1,Primary
437,10.1080_19475683.2023.2226196,https://doi.org/10.15468/dl.dcatgu,Primary
438,10.1038_s41396-020-00885-8,PF01493,Secondary
439,10.1101_2022.07.21.501061,https://doi.org/10.15468/dl.354f8k,Primary
440,10.5194_tc-17-3617-2023,https://doi.org/10.3402/tellusa.v68.29879,Primary
441,10.1186_s13059-018-1557-3,GSE119466,Secondary
442,10.1186_s11658-018-0120-2,GSE2280,Secondary
443,10.1080_19475683.2023.2226196,https://doi.org/10.15468/dl.qm4v2t,Primary
444,10.1145_3461702.3462538,https://doi.org/10.3886/icpsr34584.v1,Primary
445,10.1371_journal.pone.0159387,PRJNA16148,Secondary
446,10.12688_f1000research.13483.1,https://doi.org/10.5256/f1000research.17803.r38477,Primary
447,10.1590_0102.3772e35417,https://doi.org/10.15446/rsap.v16n2.30302,Primary
448,10.1073_pnas.2306723120,https://doi.org/10.22541/au.161273878.82956729/v1,Primary
449,10.1038_s41598-020-59839-x,IPR023415,Secondary
450,10.1186_s40168-018-0550-0,PRJEB21451,Secondary
451,10.1002_cssc.202201821,https://doi.org/10.26434/chemrxiv-2022-lrsjd-v2,Primary
452,10.1186_s12864-019-6131-1,PRJEB13248,Secondary
453,10.7554_eLife.63194,PF02123,Secondary
454,10.1186_s13059-020-1949-z,https://doi.org/10.5281/zenodo.3564179,Primary
455,10.1186_s13568-018-0680-6,https://doi.org/10.5713/ajas.2009.80371,Primary
456,10.1186_s12860-020-00261-6,PXD016241,Secondary
457,10.1029_2023ea002840,https://doi.org/10.1191/095968399674716399,Primary
458,10.5194_essd-2023-187,https://doi.org/10.17882/94052,Primary
459,10.1186_s13059-020-1949-z,GSM2396859,Secondary
460,10.5194_acp-22-5701-2022,https://doi.org/10.1256/00359000260498914,Primary
461,10.3390_d13010019,https://doi.org/10.6073/pasta/eeb59ddf840c51b93c4bc7b765d4d59f,Primary
462,10.1590_1809-2950_19003927012020,https://doi.org/10.4187/respcare.05306,Primary
463,10.1111_ddi.13153,https://doi.org/10.3112/erdkunde.2016.01.03,Primary
464,10.1186_s40478-018-0561-x,GSE110717,Secondary
465,10.5937_bnhmb1811227u,https://doi.org/10.15468/dl,Primary
466,10.3389_fmicb.2024.1456637,SAMN33094111,Primary
467,10.7554_eLife.63194,PF00078,Secondary
468,10.1186_s12859-016-0922-z,SRR950083,Secondary
469,10.1038_s41396-020-00885-8,IPR004785,Secondary
470,10.1371_journal.pone.0212669,E-GEOD-64415,Secondary
471,10.1128_spectrum.00422-24,K02557,Secondary
472,10.1038_s41396-020-00885-8,PF00484,Secondary
473,10.7554_elife.73695,https://doi.org/10.24272/j.issn.2095-8137.2020.056,Primary
474,10.1002_ece3.6303,https://doi.org/10.1191/0309133306pp490pr,Primary
475,10.3390_v11060565,EPI1019555,Secondary
476,10.7717_peerj.13193,https://doi.org/10.6073/pasta/02e2764efb408a8b66b7f486eac14dc0,Primary
477,10.1038_s41597-023-02280-2,EMPIAR-10345,Secondary
478,10.1016_j.dib.2023.109949,https://doi.org/10.5281/zenodo.8338991,Primary
479,10.1080_02713683.2019.1607392,https://doi.org/10.1167/iovs.10-5531,Primary
480,10.7554_elife.62329,https://doi.org/10.5061/dryad.12jm63xwd,Primary
481,10.1186_s12920-019-0628-y,GSE3960,Secondary
482,10.1186_s13072-019-0285-6,GSE100723,Secondary
483,10.1128_spectrum.00422-24,K03411,Secondary
484,10.1038_s41598-024-56373-y,CP001848,Secondary
485,10.7554_eLife.63194,PRJEB43238,Secondary
486,10.1371_journal.pone.0159387,PRJNA74077,Secondary
487,10.3390_v11060565,EPI1019554,Secondary
488,10.1101_2022.02.10.480011,https://doi.org/10.15482/usda.adc/1524676,Primary
489,10.1371_journal.pcbi.1011828,PXD002137,Secondary
490,10.1186_s12859-016-0938-4,GSM803363,Secondary
491,10.7717_peerj.11352,https://doi.org/10.7291/d11m38,Primary
492,10.1186_s12864-019-5872-1,ENSDARG00000076998,Secondary
493,10.5194_tc-17-3617-2023,https://doi.org/10.24381/cds.32b04ec5,Primary
494,10.1590_2236-3459_83528,https://doi.org/10.1787/208277770603,Primary
495,10.3133_cir1497,https://doi.org/10.5066/f7nc5zfm,Primary
496,10.1371_journal.pone.0212669,E-GEOD-60028,Secondary
497,10.1186_s13073-020-00727-4,https://doi.org/10.1288/00005537-199203000-00003,Primary
498,10.1080_19475683.2023.2226196,https://doi.org/10.15468/dl.ucepps,Primary
499,10.1186_s12915-018-0498-3,https://doi.org/10.2323/jgam.41.31,Primary
500,10.1038_s41597-019-0101-y,SAMN10880033,Primary
501,10.1155_2013_536562,https://doi.org/10.3906/kim-0901-1,Primary
502,10.1186_s12864-015-2206-9,SRX862745,Secondary
503,10.1186_s13071-018-2842-4,https://doi.org/10.17638/datacat.liverpool.ac.uk/417,Primary
504,10.1186_s12866-015-0509-2,PRJNA58163,Secondary
505,10.3390_v11060565,EPI1184005,Secondary
506,10.1128_JVI.01717-21,EPI_ISL_445092,Secondary
507,10.1371_journal.pone.0146274,ENSG00000116044,Secondary
508,10.1080_21645515.2023.2189598,NM_001194698,Secondary
509,10.21105_joss.04237,https://doi.org/10.7927/h49c6vhw,Primary
510,10.1186_s12864-019-6131-1,ERR5220668,Secondary
511,10.1186_s12866-019-1542-3,NC_007323.3,Secondary
512,10.1371_journal.pone.0159387,PRJNA47139,Secondary
513,10.7554_eLife.63194,PF02170,Secondary
514,10.1111_1365-2664.13446,https://doi.org/10.5061/dryad.6d66b49,Primary
515,10.1038_s41597-019-0101-y,SAMN10880018,Primary
516,10.1371_journal.pone.0159387,PRJNA74039,Secondary
517,10.1186_s12933-019-0813-5,https://doi.org/10.5888/pcd14.160438,Primary
518,10.1371_journal.pone.0212669,E-GEOD-48350,Secondary
519,10.1038_s41597-023-02280-2,EMPIAR-10532,Secondary
520,10.1038_s41598-024-56373-y,BX119912,Secondary
521,10.3389_fpls.2023.1160645,https://doi.org/10.2525/ecb.54.79,Primary
522,10.3389_fmicb.2024.1456637,SAMN12620701,Primary
523,10.1128_spectrum.00422-24,K02411,Secondary
524,10.3389_fmicb.2024.1456637,SAMN33094112,Primary
525,10.1111_eva.12151,https://doi.org/10.5061/dryad.3978f,Primary
526,10.1186_s12864-019-5872-1,ENSDARG00000037079,Secondary
527,10.1186_s12920-020-00737-6,https://doi.org/10.17044/nbis/g000003,Primary
528,10.1186_s12862-019-1509-x,https://doi.org/10.1671/0272-4634,Primary
529,10.1080_21645515.2023.2189598,ENSMMUT00000007289,Secondary
530,10.3133_ofr20231026,https://doi.org/10.3398/064.077.0104,Primary
531,10.1186_s13071-018-2964-8,SRP093558,Secondary
532,10.7554_eLife.72626,CVCL_1379,Secondary
533,10.1371_journal.pone.0198382,https://doi.org/10.5066/f72j69rm,Primary
534,10.1016_j.molcel.2018.11.006,HPA038237,Secondary
535,10.5194_essd-8-663-2016,https://doi.org/10.3103/s0145875210060116,Primary
536,10.1186_s12864-019-6131-1,ERR522063,Secondary
537,10.1107_s2059798322005691,https://doi.org/10.18150/xsexuf,Primary
538,10.17581_bp.2020.09104,https://doi.org/10.15468/dl.ze0mrg,Primary
539,10.1128_spectrum.00422-24,K02416,Secondary
540,10.1038_s41598-020-59839-x,IPR002172,Secondary
541,10.1128_spectrum.00422-24,PF01052,Secondary
542,10.3389_fmicb.2024.1456637,SAMN12620694,Primary
543,10.1007_s00382-022-06361-7,https://doi.org/10.6075/j089161b,Primary
544,10.1186_s12903-018-0656-6,https://doi.org/10.4317/medoral.17778,Primary
545,10.1186_s12866-019-1542-3,NC_007530.2,Secondary
546,10.1038_s41396-020-00885-8,IPR004007,Secondary
547,10.12688_f1000research.10556.1,https://doi.org/10.5256/f1000research.10556.d148743,Primary
548,10.1073_pnas.1915395117,https://doi.org/10.5281/zenodo.3575174,Primary
549,10.12688_f1000research.13483.1,https://doi.org/10.5256/f1000research.13483.d188591,Primary
550,10.1111_1365-2664.13168,https://doi.org/10.5061/dryad.j8cm402,Primary
551,10.1145_3461702.3462538,https://doi.org/10.3886/icpsr33530.v1,Primary
552,10.1038_s41467-018-07681-1,https://doi.org/10.5281/zenodo.1472500,Primary
553,10.3897_zookeys.500.9360,https://doi.org/10.5962/bhl.title.46846,Primary
554,10.5194_essd-12-1287-2020,https://doi.org/10.17882/59867,Primary
555,10.3389_fmicb.2024.1456637,SAMN12620700,Primary
556,10.1016_j.websem.2024.100815,https://doi.org/10.5281/zenodo.3559043,Primary
557,10.1038_s41598-021-85671-y,https://doi.org/10.7937/tcia.2019.8dho2gls,Primary
558,10.1021_acsomega.3c06074,CHEMBL3422978,Secondary
559,10.3389_fmicb.2024.1456637,SAMN04498560,Primary
560,10.14379_iodp.proc.390393.208.2024,https://doi.org/10.1594/pangaea.965000,Primary
561,10.1029_2023ea002840,https://doi.org/10.5038/1827-806x.37.3.1,Primary
562,10.1186_s13024-018-0266-4,HPA008918,Secondary
563,10.1128_spectrum.00422-24,PRJNA700828,Secondary
564,10.3897_neobiota.82.87455,https://doi.org/10.3391/bir.2020.9.4.06,Primary
565,10.1371_journal.pone.0146274,ENSPTRG00000012677,Secondary
566,10.14379_iodp.proc.390393.208.2024,https://doi.org/10.2973/dsdp.proc.3.1970,Primary
567,10.1111_1365-2435.13087,erp045,Secondary
568,10.1002_mp.14424,https://doi.org/10.7937/k9/tcia.2015.pf0m9rei,Primary
569,10.3389_fmicb.2024.1456637,SAMN07159045,Primary
570,10.1021_acsomega.3c06074,CHEMBL2424928,Secondary
571,10.1128_spectrum.00422-24,PF00356,Secondary
572,10.1039_d2cc00847e,https://doi.org/10.5281/zenodo.6010342,Primary
573,10.1080_21645515.2023.2189598,https://doi.org/10.12998/wjcc.v6.i11.426,Primary
574,10.3133_cir1497,https://doi.org/10.21199/wb51.2.1,Primary
575,10.1186_s40168-018-0532-2,ERP009498,Secondary
576,10.3390_v11060565,EPI1018208,Secondary
577,10.1073_pnas.1915395117,https://doi.org/10.6073/pasta/1a5760c3146c574c98db854ad6d3addc,Primary
578,10.1038_s41396-020-00885-8,IPR001124,Secondary
579,10.1186_s40657-020-00194-w,https://doi.org/10.5281/zenodo.3525340,Primary
580,10.5194_tc-17-3617-2023,https://doi.org/10.24381/cds.6a6d1bc3,Primary
581,10.7554_eLife.72626,https://doi.org/10.3978/j.issn.1000-9604.2016.02.04,Primary
582,10.1186_s13073-020-00727-4,NC_010277.2,Secondary
583,10.1029_2023wr035126,https://doi.org/10.6073/pasta/bb935444378d112d9189556fd22a441d,Primary
584,10.1186_s12864-019-6131-1,ERX2234598,Secondary
585,10.1080_19475683.2023.2226196,https://doi.org/10.15468/dl.2a5f6c,Primary
586,10.1128_spectrum.00422-24,K02423,Secondary
587,10.12688_f1000research.13852.1,https://doi.org/10.5256/f1000research.15056.r31654,Primary
588,10.1371_journal.pone.0146274,https://doi.org/10.5061/dryad.kh186,Primary
589,10.1111_1365-2664.13168,https://doi.org/10.5253/078.095.0102,Primary
590,10.3390_microorganisms8121872,CHEMBL403,Secondary
591,10.1073_pnas.1915395117,https://doi.org/10.6073/pasta/721fdcde85b630d1b4548b677d9b1d86,Primary
592,10.1038_sdata.2017.167,https://doi.org/10.5061/dryad.sm847,Primary
593,10.5194_acp-22-5701-2022,https://doi.org/10.6096/aeroclo.1777,Primary
594,10.1186_s12881-019-0773-3,https://doi.org/10.4238/gmr.15028349,Primary
595,10.1128_spectrum.00422-24,https://doi.org/10.6064/2012/963401,Primary
596,10.1186_s12885-017-3237-1,https://doi.org/10.2353/jmoldx.2010.090079,Primary
597,10.5194_acp-22-5701-2022,https://doi.org/10.24381/cds.adbb2d47,Primary
598,10.1021_acsomega.3c06074,CHEMBL70,Secondary
599,10.1371_journal.pone.0159387,PRJNA167242,Secondary
600,10.3390_v11060565,EPI1184004,Secondary
601,10.1111_1365-2435.13087,https://doi.org/10.5061/dryad.hs20gv7,Primary
602,10.1107_s2059798322005691,https://doi.org/10.18150/wefsc9,Primary
603,10.1186_s12862-015-0558-z,https://doi.org/10.1353/pbm.2014.0006,Primary
604,10.1186_s40657-020-00194-w,PRJNA396570,Secondary
605,10.1186_s12864-019-5872-1,ENSDARG00000043963,Secondary
606,10.1038_s41396-020-00885-8,IPR004981,Secondary
607,10.1128_JVI.01717-21,EPI_ISL_445051,Secondary
608,10.1371_journal.pone.0188323,https://doi.org/10.1227/01.neu.0000316847.64140.81,Primary
609,10.3390_v11060565,EPI1019556,Secondary
610,10.1093_beheco_arw167,K00550,Secondary
611,10.1128_spectrum.00422-24,PF04347,Secondary
612,10.1371_journal.pone.0137181,https://doi.org/10.3791/2079,Primary
613,10.1038_s41396-020-00885-8,IPR002477,Secondary
614,10.1038_hdy.2014.75,https://doi.org/10.5061/dryad.1p80f,Primary
615,10.3762_bjoc.9.92,https://doi.org/10.3987/com-04-10315,Primary
616,10.1186_s13024-018-0266-4,https://doi.org/10.1615/critrevimmunol.v35.i5.40,Primary
617,10.3390_v11060565,EPI1018206,Secondary
618,10.1145_3461702.3462538,https://doi.org/10.3886/icpsr35035.v1,Primary
619,10.7554_elife.73695,https://doi.org/10.1176/ajp.123.2.121,Primary
620,10.1186_s13054-015-1052-0,GSE26440,Secondary
621,10.1186_s12864-019-6131-1,SRR5444513,Secondary
622,10.3390_microorganisms8121872,CHEMBL198796,Secondary
623,10.1136_jitc-2021-003114,CVCL_KS61,Secondary
624,10.1038_s41597-023-02280-2,EMPIAR-10005,Secondary
625,10.1186_s40478-018-0561-x,GSE110719,Secondary
626,10.1371_journal.pcbi.1011828,E-PROT-106,Secondary
627,10.18438_eblip29674,https://doi.org/10.7191/jeslib.2019.1167,Primary
628,10.3389_fcell.2020.618552,GSE92332,Secondary
629,10.3389_fcimb.2024.1292467,EPI_ISL_2340615,Secondary
630,10.5194_essd-2023-198,https://doi.org/10.17882/94031,Primary
631,10.1136_jitc-2021-003114,CVCL_0213,Secondary
632,10.1186_s12859-017-1952-x,SRR1508275,Secondary
633,10.7554_eLife.63194,PRJEB43248,Secondary
634,10.1128_spectrum.00422-24,PF04509,Secondary
635,10.1186_s12864-019-6131-1,PRJEB24169,Secondary
636,10.1128_JVI.01717-21,EPI_ISL_332395,Secondary
637,10.1371_journal.pone.0159387,PRJNA65043,Secondary
638,10.3897_zookeys.500.9360,https://doi.org/10.1635/053.161.0110,Primary
639,10.1038_s41597-019-0101-y,SAMN10880029,Primary
640,10.7717_peerj.10452,SAMN16233657,Primary
641,10.1002_ece3.4466,https://doi.org/10.5061/dryad.r6nq870,Primary
642,10.7554_elife.74937,https://doi.org/10.5281/zenodo.6335347,Primary
643,10.7717_peerj.10452,SAMN16233659,Primary
644,10.12688_f1000research.11698.1,https://doi.org/10.5256/f1000research.11698.d163786,Primary
645,10.1029_2023ea002840,https://doi.org/10.5038/1827-806x.37.3,Primary
646,10.1186_s40168-018-0532-2,IPR000515,Secondary
647,10.1029_2022gl100473,https://doi.org/10.5281/zenodo.7092715,Primary
648,10.3897_jhr.96.111550,https://doi.org/10.15468/dl.4hgjbk,Primary
649,10.1186_s12870-018-1542-8,GSE77637,Secondary
650,10.5194_acp-22-2769-2022,https://doi.org/10.5281/zenodo.1285969,Primary
651,10.1080_21645515.2023.2189598,ENSMMUT00000043132,Secondary
652,10.4025_actasciagron.v40i1.39392,https://doi.org/10.15316/sjafs.2017.9,Primary
653,10.1128_spectrum.00422-24,K02392,Secondary
654,10.1016_j.ecolind.2021.107934,https://doi.org/10.6073/pasta/be42bb841e696b7bca-d9957aed33db5e,Primary
655,10.1186_s12859-017-1952-x,SRP035367,Secondary
656,10.1186_s12974-020-01860-y,GSE144193,Secondary
657,10.1016_j.molcel.2018.11.006,https://doi.org/10.17632/fzvwgpjx88.1,Primary
658,10.12688_f1000research.13064.1,https://doi.org/10.5256/f1000research.14163.r27920,Primary
659,10.1371_journal.pone.0159387,PRJNA74079,Secondary
660,10.1038_s41597-022-01555-4,https://doi.org/10.7937/k9/tcia.2016.hdhpgjlk,Primary
661,10.21203_rs.3.rs-3338732_v1,https://doi.org/10.5281/zenodo.2556738,Primary
662,10.1038_s41597-023-02280-2,EMPIAR-11057,Secondary
663,10.1016_j.molcel.2018.11.006,HPA042816,Secondary
664,10.1186_s12859-016-0922-z,SRP041955,Secondary
665,10.5194_essd-12-1287-2020,https://doi.org/10.17882/70340,Primary
666,10.1038_s41597-019-0101-y,SAMN10880027,Primary
667,10.12688_f1000research.13483.1,https://doi.org/10.5256/f1000research.17803.r38478,Primary
668,10.1186_1471-244x-13-259,https://doi.org/10.5271/sjweh.948,Primary
669,10.1093_beheco_arz101,https://doi.org/10.5061/dryad.4dj6042,Primary
670,10.1186_s12864-019-5872-1,ENSDARG00000058821,Secondary
671,10.1038_s41396-020-00885-8,IPR008139,Secondary
672,10.1128_spectrum.00422-24,K02404,Secondary
673,10.1186_s12859-018-2263-6,GSE59765,Secondary
674,10.1128_spectrum.00422-24,PF02154,Secondary
675,10.1590_1806-93042019000400002,https://doi.org/10.1576/toag.10.2.112.27400,Primary
676,10.12688_f1000research.13622.1,https://doi.org/10.5256/f1000research.14799.r33998,Primary
677,10.1371_journal.pone.0212669,E-GEOD-28654,Secondary
678,10.1186_s40657-020-00194-w,https://doi.org/10.14344/ioc,Primary
679,10.3133_cir1497,https://doi.org/10.5066/f77d2s7b,Primary
680,10.1128_JVI.01717-21,EPI_ISL_293291,Secondary
681,10.1002_ece3.6144,https://doi.org/10.5061/dryad.zw3r22854,Primary
682,10.1038_s41396-020-00885-8,IPR009613,Secondary
683,10.1186_s40478-018-0561-x,GSE110716,Secondary
684,10.3897_zoologia.36.e32053,https://doi.org/10.18473/lepi.69i4.a5,Primary
685,10.1186_s12885-020-06724-5,https://doi.org/10.4048/jbc.2017.20.3.264,Primary
686,10.3390_v11060565,EPI954555,Secondary
687,10.1101_096297,PRJEB2176,Secondary
688,10.7717_peerj.10452,PRJNA664798,Secondary
689,10.1186_s12918-018-0564-z,GSE54129,Secondary
690,10.1002_nafm.10870,https://doi.org/10.5066/p90a4ugj,Primary
691,10.1590_1981-6723.06017,https://doi.org/10.17268/sci.agropecu.2011.03.01,Primary
692,10.1186_s12918-018-0564-z,SRp20,Secondary
693,10.1080_19475683.2023.2226196,https://doi.org/10.15468/dl.cb2hsf,Primary
694,10.1002_esp.5058,https://doi.org/10.15517/rbt.v66i3.30693,Primary
695,10.1128_spectrum.00422-24,K03408,Secondary
696,10.1038_s41598-021-85671-y,https://doi.org/10.3238/arztebl.2009.0335,Primary
697,10.1186_s13059-019-1924-8,GSM1872886,Secondary
698,10.1029_2019pa003774,https://doi.org/10.3334/cdiac/otg.ndp093_glodapv2,Primary
699,10.1016_j.jobe.2023.107105,https://doi.org/10.17265/1934-7359/2022.03.004,Primary
700,10.1021_acsomega.3c06074,CHEMBL1097,Secondary
701,10.1098_rsos.210982,https://doi.org/10.5061/dryad.fxpnvx0pn,Primary
702,10.1029_2023wr035126,https://doi.org/10.7265/n5tb14tc,Primary
703,10.1128_spectrum.00422-24,SRX23584000,Secondary
704,10.7554_eLife.63194,ERR2135448,Secondary
705,10.1101_2022.07.21.501061,https://doi.org/10.15468/dl.nbku3v,Primary
706,10.1590_2236-3459_83528,https://doi.org/10.24109/2176-6681.rbep.98i249.2729,Primary
707,10.12688_f1000research.4660.1,https://doi.org/10.5256/f1000research.4981.r5919,Primary
708,10.1186_s12859-017-1563-6,PXD004645,Secondary
709,10.1590_fst.36617,https://doi.org/10.7455/ijfs/6.1.2017.a10,Primary
710,10.1186_s12864-019-6131-1,PRJEB12891,Secondary
711,10.5194_acp-22-2769-2022,https://doi.org/10.5067/suborbital/oracles/p3/2016_v2,Primary
712,10.1186_s12859-016-0904-1,https://doi.org/10.14778/1687553.1687609,Primary
713,10.1371_journal.pone.0212669,E-GEOD-29623,Secondary
714,10.1371_journal.pone.0212669,E-GEOD-45670,Secondary
715,10.1617_s11527-023-02260-3,https://doi.org/10.1180/clm.2020.30,Primary
716,10.1038_s41396-020-00885-8,IPR011040,Secondary
717,10.1111_1365-2435.13087,https://doi.org/10.1051/forest:2007075,Primary
718,10.1111_mec.16743,https://doi.org/10.5066/p9f519wo,Primary
719,10.5194_essd-12-1287-2020,https://doi.org/10.3989/scimar.2005.69s15,Primary
720,10.5194_essd-2023-198,https://doi.org/10.12770/be239ab6-bd5b-4dfd-9d3c-51e6c3793810,Primary
721,10.1186_s12881-019-0773-3,https://doi.org/10.1176/ajp.156.6.876,Primary
722,10.1021_acsomega.3c06074,CHEMBL390649,Secondary
723,10.1128_spectrum.00422-24,K02418,Secondary
724,10.1109_access.2024.3385658,https://doi.org/10.5281/zenodo.10908593,Primary
725,10.1590_1809-6891v21e-43578,https://doi.org/10.4025/actascianimsci.v38i1.29104,Primary
726,10.1016_j.jlp.2022.104761,https://doi.org/10.3384/ecp17138157,Primary
727,10.1136_jitc-2021-003114,CVCL_1919,Secondary
728,10.1186_s12934-018-1005-9,PF15542,Secondary
729,10.1186_s12915-018-0584-6,CVCL_0123,Secondary
730,10.1371_journal.pone.0212669,E-GEOD-48278,Secondary
731,10.1029_2018gl078007,https://doi.org/10.5061/dryad.886pr72,Primary
732,10.1128_JVI.01717-21,EPI_ISL_332358,Secondary
733,10.5194_gmd-13-335-2020,https://doi.org/10.6073/pasta/fed17d67583eda16c439216ca40b0669,Primary
734,10.3389_fpls.2023.1160645,https://doi.org/10.7176/jstr/5-3-04,Primary
735,10.1371_journal.pone.0212669,E-GEOD-45216,Secondary
736,10.1128_JVI.01717-21,EPI_ISL_445089,Secondary
737,10.1186_s12864-020-6657-2,PRJDB8242,Secondary
738,10.1186_s12915-018-0584-6,https://doi.org/10.1529/biophysj.105.076893,Primary
739,10.1073_pnas.1705601114,PRJEB21611,Secondary
740,10.1128_spectrum.00422-24,K06595,Secondary
741,10.3389_fmicb.2024.1456637,SAMN12620691,Primary
742,10.7554_eLife.63194,PRJEB43239,Secondary
743,10.1371_journal.pone.0139215,https://doi.org/10.5061/dryad.27m63,Primary
744,10.1186_s40168-018-0550-0,https://doi.org/10.14806/ej.17.1.200,Primary
745,10.1038_s41598-020-59839-x,ENSOARG00000001337,Secondary
746,10.5194_amt-15-3969-2022,https://doi.org/10.5281/zenodo.5501399,Primary
747,10.1038_s41562-021-01247-w,https://doi.org/10.34973/983b-a047,Primary
748,10.1590_1807-3107bor-2019.vol33.0095,https://doi.org/10.2341/06-106,Primary
749,10.1016_j.molcel.2018.11.006,GSE69140,Secondary
750,10.5194_acp-22-2769-2022,https://doi.org/10.21957/cpmkqvhja,Primary
751,10.1016_j.jlp.2022.104761,https://doi.org/10.23642/usn.15134442.v1,Primary
752,10.1111_cas.12935,HPA001522,Secondary
753,10.1111_ddi.13153,https://doi.org/10.1650/00105422,Primary
754,10.1038_s41597-023-02280-2,EMPIAR-10081,Secondary
755,10.1029_2022gl100473,https://doi.org/10.5281/zenodo.6886498,Primary
756,10.1186_s13024-018-0254-8,GSE101689,Secondary
757,10.5194_essd-2023-198,https://doi.org/10.17882/94032,Primary
758,10.3390_v11060565,EPI1018210,Secondary
759,10.7554_elife.73695,https://doi.org/10.5061/dryad.6h5b7,Primary
760,10.1038_s41597-019-0101-y,SAMN10880041,Primary
761,10.1128_JVI.01717-21,EPI_ISL_293287,Secondary
762,10.18438_eblip29674,https://doi.org/10.1300/j104v42n01_06,Primary
763,10.1242_dev.138545,https://doi.org/10.1679/aohc.66.123,Primary
764,10.1371_journal.pcbi.1011828,E-PROT-107,Secondary
765,10.21203_rs.3.rs-3338732_v1,https://doi.org/10.25422/azu.data.19680372,Primary
766,10.1186_s12863-019-0790-4,https://doi.org/10.2166/wst.2013.424,Primary
767,10.3389_fevo.2023.1112519,https://doi.org/10.17957/ijab/15.1047,Primary
768,10.12688_f1000research.13852.1,https://doi.org/10.5256/f1000research.15056.r31652,Primary
769,10.7554_eLife.63194,PF00978,Secondary
770,10.1136_jitc-2021-003114,CVCL_0530,Secondary
771,10.1242_jeb.211466,https://doi.org/10.5061/dryad.gtht76hhb,Primary
772,10.1136_jitc-2021-003114,CVCL_1916,Secondary
773,10.1038_s41396-020-00885-8,PF15461,Secondary
774,10.1186_s13059-018-1557-3,GSE120232,Secondary
775,10.1186_s12866-020-01863-y,SAMN14519337,Primary
776,10.1186_s12931-019-1001-6,https://doi.org/10.1513/annalsats.201507-446oc,Primary
777,10.1002_2017jc013030,https://doi.org/10.5670/oceanog.2014,Primary
778,10.1617_s11527-023-02260-3,https://doi.org/10.21809/rilemtechlett.2021.138,Primary
779,10.12688_f1000research.10556.1,https://doi.org/10.5256/f1000research.11375.r19814,Primary
780,10.1534_g3.119.400401,https://doi.org/10.25387/g3.9478253,Primary
781,10.1186_s12885-018-4314-9,GSE22226,Secondary
782,10.1038_hdy.2013.74,https://doi.org/10.5061/dryad.75030,Primary
783,10.1111_1365-2656.12382,https://doi.org/10.5061/dryad.r390f,Primary
784,10.1186_s12931-019-1001-6,https://doi.org/10.1513/annalsats.201307-229oc,Primary
785,10.12688_f1000research.13064.1,https://doi.org/10.5256/f1000research.14708.r29258,Primary
786,10.1212_wnl.0000000000006035,https://doi.org/10.5061/dryad.tq61224,Primary
787,10.1080_19475683.2023.2226196,https://doi.org/10.15468/dl.gtnw2a,Primary
788,10.1038_s41396-020-00885-8,IPR004302,Secondary
789,10.1186_s12859-016-0904-1,https://doi.org/10.14778/1920841.1920886,Primary
790,10.1186_s13104-019-4127-1,https://doi.org/10.5830/cvja-2015-065,Primary
791,10.1128_spectrum.00422-24,K03415,Secondary
792,10.5194_tc-17-3617-2023,https://doi.org/10.5281/zenodo.8252180,Primary
793,10.1371_journal.pone.0212669,E-GEOD-54837,Secondary
794,10.1029_2023wr035126,https://doi.org/10.15485/1892055,Primary
795,10.3390_s23094491,https://doi.org/10.5281/zenodo.7871636,Primary
796,10.1128_spectrum.00422-24,K02412,Secondary
797,10.3389_fevo.2023.1112519,PRJNA780103,Secondary
798,10.1107_s2059798322005691,https://doi.org/10.18150/r8vj7v,Primary
799,10.1038_s41598-020-59839-x,NM_001078656,Secondary
800,10.1029_2021ea001703,https://doi.org/10.11606/issn.2316-8978.v7i0p149-160,Primary
801,10.1186_s12881-019-0773-3,https://doi.org/10.2165/00003495-200464200-00003,Primary
802,10.1242_dev.138545,https://doi.org/10.3181/00379727-112-28183,Primary
803,10.7554_elife.73695,https://doi.org/10.5061/dryad.p5hqbzkqf,Primary
804,10.1038_s41598-024-56373-y,CP130886,Secondary
805,10.1029_2019pa003774,https://doi.org/10.2458/azu_js_rc.55.16947,Primary
806,10.1371_journal.pone.0200041,https://doi.org/10.2903/sp.efsa.2016.en-1076,Primary
807,10.12688_f1000research.13064.1,https://doi.org/10.5256/f1000research.14708.r29257,Primary
808,10.1098_rsbl.2015.0113,https://doi.org/10.5061/dryad.1h7p0,Primary
809,10.1080_21645515.2023.2189598,ENSMMUT00000013362,Secondary
810,10.1145_3461702.3462538,https://doi.org/10.3886/icpsr36120.v2,Primary
811,10.1038_s41396-020-00885-8,IPR012338,Secondary
812,10.1038_s41598-020-59839-x,ENSBTAG00000017131,Secondary
813,10.1371_journal.pone.0212669,E-GEOD-54543,Secondary
814,10.1186_s12864-019-6131-1,SRR952238,Secondary
815,10.1186_s12859-016-0922-z,SRR950078,Secondary
816,10.1016_j.dib.2022.108797,https://doi.org/10.1594/pangaea.949117,Primary
817,10.1038_s41598-020-59839-x,ENSOARG00000012128,Secondary
818,10.1002_chem.202001668,K03946,Secondary
819,10.1021_acsomega.3c06074,CHEMBL1782574,Secondary
820,10.1038_s41467-018-04041-x,https://doi.org/10.5067/aqua/modis/l3b/chl/2014,Primary
821,10.1186_s12885-018-4229-5,https://doi.org/10.4048/jbc.2013.16.4.357,Primary
822,10.1038_s41598-020-59839-x,ENSBTAG00000034501,Secondary
823,10.1128_JVI.01717-21,EPI_ISL_293290,Secondary
824,10.1186_s12870-019-1632-2,SAMN10345061,Primary
825,10.14379_iodp.proc.390393.208.2024,https://doi.org/10.1594/ieda/500255,Primary
826,10.7717_peerj.10452,SAMN16233648,Primary
827,10.5194_essd-2019-206,https://doi.org/10.1525/elementa.140,Primary
828,10.1080_21645515.2023.2189598,ENSMMUT00000042190,Secondary
829,10.12688_f1000research.13064.1,https://doi.org/10.5256/f1000research.14708.r29259,Primary
830,10.1186_s12879-018-3065-1,https://doi.org/10.5365/wpsar.2015.6.1.017,Primary
831,10.5194_tc-17-3617-2023,https://doi.org/10.5067/modis/mod10a1f.061,Primary
832,10.1111_ddi.13153,https://doi.org/10.129331/therya-17-478,Primary
833,10.1136_jitc-2021-003114,CVCL_6245,Secondary
834,10.1016_j.molcel.2018.11.006,GSE79360,Secondary
835,10.1186_s40170-020-00212-x,HPA021241,Secondary
836,10.1371_journal.pcbi.1011828,PXD014511,Secondary
837,10.3390_microorganisms8121872,CHEMBL1652119,Secondary
838,10.1145_3461702.3462538,https://doi.org/10.3886/icpsr34585.v1,Primary
839,10.21105_joss.04237,https://doi.org/10.5067/modis,Primary
840,10.1186_s13068-018-1167-z,https://doi.org/10.4155/bfs.11.153,Primary
841,10.1371_journal.pone.0253228,https://doi.org/10.1081/pln-120014707,Primary
842,10.3133_ofr20201035,https://doi.org/10.5066/p9wek4ji,Primary
843,10.7717_peerj.13193,https://doi.org/10.6073/pasta/b23deb8e1ccf1c1413382bf911c6be19,Primary
844,10.7717_peerj.10452,SAMN16233661,Primary
845,10.12688_f1000research.10556.1,https://doi.org/10.2139/ssrn.2292934,Primary
846,10.3390_v11060565,EPI954552,Secondary
847,10.3389_fpls.2023.1160645,https://doi.org/10.2991/essaeme-17.2017.338,Primary
848,10.1128_JVI.01717-21,EPI_ISL_445001,Secondary
849,10.3390_v11060565,EPI1018211,Secondary
850,10.7554_eLife.63194,PF00680,Secondary
851,10.1080_19475683.2023.2226196,https://doi.org/10.15468/dl.nvnscr,Primary
852,10.1371_journal.pone.0137181,https://doi.org/10.5061/dryad.m4r46,Primary
853,10.1080_22221751.2020.1738277,GSE139516,Secondary
854,10.1038_s41597-022-01555-4,https://doi.org/10.7937/q1ee-j082,Primary
855,10.1186_s12864-019-6131-1,SRR6300675,Secondary
856,10.1186_s13104-018-4014-1,SRX2499144,Secondary
857,10.3389_fmicb.2024.1456637,SAMN17525956,Primary
858,10.1130_ges01387.1,https://doi.org/10.5066/f7qn64xq,Primary
859,10.1186_s12931-019-1001-6,https://doi.org/10.1245/s10434-016-5668-3,Primary
860,10.3389_fcimb.2024.1292467,EPI_ISL_2340570,Secondary
861,10.1186_s12864-019-6131-1,PRJEB27670,Secondary
862,10.1371_journal.pntd.0005385,https://doi.org/10.5061/dryad.72v34,Primary
863,10.1186_s12885-019-5681-6,CVCL_E311,Secondary
864,10.1371_journal.pone.0159387,PRJNA65041,Secondary
865,10.1371_journal.pcbi.1011828,PXD005693,Secondary
866,10.3897_neobiota.82.87455,https://doi.org/10.15468/dl.yjd4cg,Primary
867,10.1107_s2059798322005691,https://doi.org/10.18150/6oxplo,Primary
868,10.5194_essd-2023-187,https://doi.org/10.17882/55741,Primary
869,10.12688_f1000research.11698.1,https://doi.org/10.5256/f1000research.11698.d163782,Primary
870,10.1002_ece3.5260,https://doi.org/10.5061/dryad.2f62927,Primary
871,10.1186_s12870-019-1632-2,SAMN10345060,Primary
872,10.1111_2041-210x.12453,https://doi.org/10.5061/dryad.h4f7p,Primary
873,10.1039_d1ee03696c,https://doi.org/10.1557/jmr.2010.0020,Primary
874,10.1016_j.jlp.2022.104761,https://doi.org/10.23642/usn.13721134.v3,Primary
875,10.5194_essd-12-1287-2020,https://doi.org/10.12681/mms.1196,Primary
876,10.1128_spectrum.00422-24,K02406,Secondary
877,10.5194_acp-22-2769-2022,https://doi.org/10.5067/suborbital/oracles/p3/2017_v2,Primary
878,10.3133_ofr20201035,https://doi.org/10.2173/bna.337,Primary
879,10.1140_epjc_s10052-018-6033-4,https://doi.org/10.5170/cern-2011-006.313,Primary
880,10.1186_s12864-019-6131-1,SRR5444488,Secondary
881,10.3390_molecules23123199,https://doi.org/10.2533/chimia.2008.280,Primary
882,10.1080_21645515.2023.2189598,NM_001110256,Secondary
883,10.3390_microorganisms8121872,CHEMBL3311228,Secondary
884,10.1038_s41396-020-00885-8,IPR001577,Secondary
885,10.7717_peerj.12422,https://doi.org/10.15468/dl.j4fe7k,Primary
886,10.3389_fcimb.2024.1292467,EPI_ISL_2340575,Secondary
887,10.1101_2022.07.21.501061,https://doi.org/10.5061/dryad.547d7wmc2,Primary
888,10.1186_s12864-019-6131-1,PRJNA292031,Secondary
889,10.1002_ece3.9627,https://doi.org/10.5061/dryad.b8gtht7h3,Primary
890,10.14358_pers.22-00039r2,https://doi.org/10.5066/p98lo5d4,Primary
891,10.7717_peerj.12422,https://doi.org/10.15468/dl.czyyq2,Primary
892,10.1364_oe.25.001985,K03197,Secondary
893,10.1093_bib_bbab395,https://doi.org/10.5281/zenodo.4923158,Primary
894,10.17815_jlsrf-2-58,https://doi.org/10.1269/jrr.11080,Primary
895,10.3133_cir1497,https://doi.org/10.5066/f7tt4q4b,Primary
896,10.1186_s13073-020-00727-4,NC_010227.2,Secondary
897,10.12688_f1000research.11698.1,https://doi.org/10.1249/00005768-199401000-00017,Primary
898,10.21105_joss.04237,https://doi.org/10.5067/modis/mod13a2.006,Primary
899,10.7554_eLife.63194,SRR7962068,Secondary
900,10.1145_3461702.3462538,https://doi.org/10.3886/icpsr37065.v2,Primary
901,10.1186_s12870-018-1542-8,https://doi.org/10.1211/0022357022313,Primary
902,10.12688_f1000research.10556.1,https://doi.org/10.5256/f1000research.10556.d148744,Primary
903,10.1186_s12920-018-0426-y,https://doi.org/10.4061/2009/869093,Primary
904,10.1038_s41597-023-02280-2,EMPIAR-10406,Secondary
905,10.1038_s41396-020-00885-8,IPR017920,Secondary
906,10.1002_chem.202003167,DRX400,Secondary
907,10.1051_e3sconf_202017220004,https://doi.org/10.1051/e3sconf/202017220004,Primary
908,10.3390_v11060565,EPI1018207,Secondary
909,10.1128_spectrum.00422-24,K02397,Secondary
910,10.1145_3461702.3462538,https://doi.org/10.3886/icpsr36395.v1,Primary
911,10.1186_s12859-016-0922-z,SRR950080,Secondary
912,10.3133_cir1497,https://doi.org/10.5066/p9h1s1pv,Primary
913,10.1002_ece3.6784,https://doi.org/10.11609/jott.o4192.7211-22,Primary
914,10.1038_s41597-019-0101-y,SAMN10880022,Primary
915,10.1186_s12859-018-2263-6,GSE66499,Secondary
916,10.12688_f1000research.11698.1,https://doi.org/10.5256/f1000research.11698.d163790,Primary
917,10.3390_v11060565,EPI954557,Secondary
918,10.1371_journal.pone.0159387,PRJNA74167,Secondary
919,10.1093_evolut_qpad206,PRJNA1009132,Secondary
920,10.7717_peerj.10452,SAMN16233647,Primary
921,10.1371_journal.pone.0188323,https://doi.org/10.13020/d6wx0s,Primary
922,10.1128_JVI.01717-21,https://doi.org/10.2807/1560-7917.es2014.19.18.20793,Primary
923,10.1177_0018720820970751,https://doi.org/10.1518/001872007x215656,Primary
924,10.1128_spectrum.00422-24,PF00248,Secondary
925,10.1186_s13059-019-1918-6,https://doi.org/10.5281/zenodo.3368857,Primary
926,10.3390_v11060565,EPI1019552,Secondary
927,10.1111_mec.16743,https://doi.org/10.5061/dryad.g1jws,Primary
928,10.1186_s12864-019-6131-1,ENSPSIG00000011968,Secondary
929,10.1128_spectrum.00422-24,K02388,Secondary
930,10.1186_s13059-019-1924-8,GSE72816,Secondary
931,10.1186_s12862-019-1509-x,https://doi.org/10.2741/2730,Primary
932,10.3390_molecules23123199,https://doi.org/10.3329/icpj.v1i9.11613,Primary
933,10.5194_acp-22-2769-2022,https://doi.org/10.5067/suborbital/oracles/p3/2018_v2,Primary
934,10.1038_s41598-020-59839-x,IPR021177,Secondary
935,10.1186_s40657-020-00194-w,https://doi.org/10.5061/dryad.25f7g,Primary
936,10.1590_1809-4430-eng.agric.v40n1p24-33_2020,https://doi.org/10.7127/rbai.v11n800706,Primary
937,10.12688_f1000research.13622.1,https://doi.org/10.5256/f1000research.14799.r32906,Primary
938,10.1371_journal.pone.0212669,E-GEOD-59312,Secondary
939,10.1111_1365-2435.13087,erp036,Secondary
940,10.3390_rs4102923,https://doi.org/10.1594/pangaea.779748,Primary
941,10.1186_s13072-019-0285-6,GSE73972,Secondary
942,10.1186_s13068-018-1316-4,https://doi.org/10.3347/kjp.2016.54.1.71,Primary
943,10.1186_s12862-019-1388-1,https://doi.org/10.1895/wormbook.1.137.1,Primary
944,10.1080_21645515.2023.2189598,ENSMMUT00000022050,Secondary
945,10.1111_1365-2656.12491,https://doi.org/10.5061/dryad.h5j86,Primary
946,10.1038_s41598-020-59839-x,ENSBTAG00000047833,Secondary
947,10.1038_s41396-020-00885-8,IPR029787,Secondary
948,10.1186_s12859-016-0922-z,SRR880070,Secondary
949,10.5194_essd-2023-187,https://doi.org/10.17895/ices.advice.9100,Primary
950,10.1038_s41598-020-59839-x,ENSBTAG00000018517,Secondary
951,10.1371_journal.pone.0284951,https://doi.org/10.13012/b2idb-5784165_v1,Primary
952,10.1021_acsomega.3c06074,https://doi.org/10.1289/ehp.1510267,Primary
953,10.21105_joss.04237,https://doi.org/10.5281/zenodo.3946761,Primary
954,10.1145_3461702.3462538,https://doi.org/10.3886/icpsr37062.v1,Primary
955,10.1038_s41597-022-01555-4,https://doi.org/10.7937/tcia.e3sv-re93,Primary
956,10.1371_journal.pone.0212669,E-GEOD-61804,Secondary
957,10.1128_spectrum.00422-24,K02415,Secondary
958,10.12688_f1000research.13622.1,https://doi.org/10.5256/f1000research.13622.d194235,Primary
959,10.1186_s12859-016-1206-3,GSE9138,Secondary
960,10.1371_journal.pcbi.1011828,E-PROT-104,Secondary
961,10.1038_s41597-019-0101-y,SAMN10880036,Primary
962,10.21105_joss.04237,https://doi.org/10.5067/zx7yx2y2lheb,Primary
963,10.1371_journal.pcbi.1011828,E-PROT-103,Secondary
964,10.1029_2023ea002840,https://doi.org/10.3763/ghgmm.2010.0007,Primary
965,10.1186_s13039-022-00631-z,https://doi.org/10.31557/apjcp.2021.22.6.1957,Primary
966,10.1080_21645515.2023.2189598,ENSMMUT00000015979,Secondary
967,10.1186_s12866-020-01863-y,SAMN13481355,Primary
968,10.1038_s41597-019-0101-y,SAMN10880032,Primary
969,10.1186_s12859-016-0922-z,SRR950084,Secondary
970,10.1038_s41598-021-85671-y,https://doi.org/10.7937/k9/tcia.2017.8oje5q00,Primary
971,10.17581_bp.2020.09104,https://doi.org/10.15468/dl.elq8xmaccessed26.09,Primary
972,10.1111_evo.13972,https://doi.org/10.5061/dryad.3xsj3txbz,Primary
973,10.7554_elife.29944,https://doi.org/10.18563/pv.36.1-4.159-233,Primary
974,10.1038_s41597-019-0101-y,err231,Secondary
975,10.1590_0034-7167-2018-0065,https://doi.org/10.5216/ree.v18.40589,Primary
976,10.1186_s12864-019-5872-1,ENSDARG00000005479,Secondary
977,10.1186_s13068-018-1167-z,erx152,Secondary
978,10.1055_s-0039-1693681,HPA1,Secondary
979,10.1073_pnas.2306723120,https://doi.org/10.16904/envidat.159,Primary
980,10.1029_2021ea001703,https://doi.org/10.25249/0375-7536.1990333335,Primary
981,10.1080_19475683.2023.2226196,https://doi.org/10.15468/dl.6qzmh7,Primary
982,10.1080_19475683.2023.2226196,https://doi.org/10.15468/dl.92jj3s,Primary
983,10.1016_j.scitotenv.2024.171850,https://doi.org/10.17863/cam.107163,Primary
984,10.1128_spectrum.00422-24,K02391,Secondary
985,10.1371_journal.pcbi.1011828,E-PROT-100,Secondary
986,10.1111_mec.16743,https://doi.org/10.5066/p93r9uel,Primary
987,10.1186_s13072-019-0285-6,GSE79033,Secondary
988,10.1145_3461702.3462538,https://doi.org/10.3886/icpsr35020.v1,Primary
989,10.3390_rs12121957,https://doi.org/10.1594/pangaea.917588,Primary
990,10.1021_acsomega.3c06074,CHEMBL1257578,Secondary
991,10.1371_journal.pone.0146274,ENSSTOG00000000313,Secondary
992,10.3133_cir1497,https://doi.org/10.5066/f7930sg7,Primary
993,10.1016_j.scitotenv.2024.171850,https://doi.org/10.21894/jopr.2020.0045,Primary
994,10.3389_fevo.2023.1112519,https://doi.org/10.4081/jlimnol.2016.1503,Primary
995,10.1002_ece3.5395,https://doi.org/10.1675/1524-4695,Primary
996,10.1016_j.jlp.2022.104761,https://doi.org/10.1149/1945-7111/ab6ff0,Primary
997,10.1186_s12864-019-5872-1,ENSDARG00000010097,Secondary
998,10.1029_2020jf005675,https://doi.org/10.5066/p9bu8faq,Primary
999,10.1186_1471-244x-13-259,https://doi.org/10.2340/16501977-0951,Primary
1000,10.1007_s12263-014-0408-4,https://doi.org/10.2105/ajph.2011.300149,Primary
1001,10.3897_bdj.7.e47369,https://doi.org/10.15468/d4unx4,Primary
1002,10.1093_sysbio_syy011,https://doi.org/10.5061/dryad.739bs,Primary
1003,10.1534_genetics.120.303190,https://doi.org/10.25386/genetics.12136941,Primary
1004,10.3390_v11060565,KX000717,Secondary
1005,10.3390_microorganisms8121872,https://doi.org/10.4014/jmb.1712.12052,Primary
1006,10.1186_s13148-019-0719-9,https://doi.org/10.6004/jnccn.2019.0001,Primary
1007,10.1186_s13059-018-1557-3,https://doi.org/10.5402/2011/869647,Primary
1008,10.5194_amt-15-3969-2022,https://doi.org/10.15191/nwajom.2013.0119,Primary
1009,10.1128_spectrum.00422-24,K02409,Secondary
1010,10.1038_s41396-020-00885-8,IPR029723,Secondary
1011,10.1186_s12870-019-2199-7,https://doi.org/10.5352/jls.2010.20.8.1186,Primary
1012,10.1145_3461702.3462538,https://doi.org/10.3886/icpsr36795.v1,Primary
1013,10.1371_journal.pone.0070749,https://doi.org/10.5061/dryad.5q1sb,Primary
1014,10.3389_fcimb.2024.1292467,EPI_ISL_2365356,Secondary
1015,10.1371_journal.pone.0212669,E-GEOD-50774,Secondary
1016,10.1186_s12863-019-0790-4,SRP158951,Secondary
1017,10.1093_nar_gkp1049,PF03372,Secondary
1018,10.1111_cas.12935,HPA007450,Secondary
1019,10.1617_s11527-023-02260-3,https://doi.org/10.24200/tjer.vol5iss1pp55-61,Primary
1020,10.1371_journal.pone.0117675,https://doi.org/10.5061/dryad.7pd40,Primary
1021,10.1098_rspb.2015.1498,https://doi.org/10.5061/dryad.rj7g1,Primary
1022,10.1242_bio.035071,https://doi.org/10.5061/dryad.dk5gt88,Primary
1023,10.7717_peerj.10452,SAMN16233644,Primary
1024,10.1007_s12263-014-0408-4,https://doi.org/10.1301/00296640260130722,Primary
1025,10.1111_1365-2664.13136,https://doi.org/10.5061/dryad.bn7p2f5,Primary
1026,10.1186_s12859-016-0922-z,SRR950086,Secondary
1027,10.1186_s12864-019-6131-1,ERR519283,Secondary
1028,10.1590_1807-3107bor-2019.vol33.0095,https://doi.org/10.4012/dmj.26.906,Primary
1029,10.21105_joss.04237,https://doi.org/10.5067/gpm/imerg/3b-hh/06,Primary
1030,10.1101_096297,PRJEB11513,Secondary
1031,10.1111_cas.12935,HPA008063,Secondary
1032,10.1186_s12859-016-0922-z,SRR873822,Secondary
1033,10.1038_s41598-021-85671-y,https://doi.org/10.5281/zenodo.3632567,Primary
1034,10.1038_s41598-020-59839-x,IPR014760,Secondary
1035,10.1128_JVI.01717-21,EPI_ISL_445090,Secondary
1036,10.7717_peerj.10452,SAMN16233652,Primary
1037,10.3390_microorganisms8121872,CHEMBL64391,Secondary
1038,10.3390_v11060565,EPI1018205,Secondary
1039,10.1101_096297,PRJEB11742,Secondary
1040,10.1186_s13059-019-1924-8,GSM1872888,Secondary
1041,10.1590_1678-4685-gmb-2018-0055,SRR5651498,Secondary
1042,10.1186_s13059-020-1949-z,GSE133549,Secondary
1043,10.1186_s12866-020-01863-y,PRJNA593570,Secondary
1044,10.1186_s13072-019-0285-6,GSE98966,Secondary
1045,10.1590_1678-4685-gmb-2018-0055,SRR3168931,Secondary
1046,10.1007_s12559-020-09751-3,https://doi.org/10.3348/kjr.2020.0132,Primary
1047,10.1038_s41597-019-0101-y,SAMN10880028,Primary
1048,10.1371_journal.pcbi.1011828,E-PROT-108,Secondary
1049,10.1186_s12920-019-0628-y,GSE62564,Secondary
1050,10.1590_0034-7167-2018-0065,https://doi.org/10.5205/reuol.9373-82134-1-rv1008201645,Primary
1051,10.1590_1807-3107bor-2019.vol33.0095,https://doi.org/10.3290/j.jad.a22193,Primary
1052,10.1016_j.molcel.2018.11.006,GSE89420,Secondary
1053,10.1098_rspb.2015.0371,https://doi.org/10.5061/dryad.kh7nt,Primary
1054,10.1590_1678-4685-gmb-2018-0055,SRR3187022,Secondary
1055,10.1186_s12864-019-5872-1,ENSDARG00000018418,Secondary
1056,10.1021_acsomega.3c06074,https://doi.org/10.4155/fmc-2016-0093,Primary
1057,10.1093_beheco_arw167,https://doi.org/10.5061/dryad.12np0,Primary
1058,10.1002_nafm.10870,https://doi.org/10.5066/p94bh3w0,Primary
1059,10.3390_rs4102923,https://doi.org/10.1594/pangaea.775959,Primary
1060,10.1101_096297,PRJEB14673,Secondary
1061,10.3390_v11060565,EPI1183999,Secondary
1062,10.1038_s41597-023-02280-2,EMPIAR-10028,Secondary
1063,10.1186_s12864-019-5872-1,ENSDARG00000020057,Secondary
1064,10.1186_s13007-019-0403-2,https://doi.org/10.1626/pps.16.9,Primary
1065,10.3133_cir1497,https://doi.org/10.5066/f7h993cz,Primary
1066,10.3133_cir1497,https://doi.org/10.1578/am.46.2.2020.200,Primary
1067,10.1186_s13024-018-0266-4,GSE65067,Secondary
1068,10.1136_jitc-2021-003114,CVCL_1918,Secondary
1069,10.1016_j.jobe.2023.107105,https://doi.org/10.5281/zenodo.8014150,Primary
1070,10.1371_journal.pone.0159387,PRJNA74089,Secondary
1071,10.1038_s41598-020-59839-x,ENSBTAG00000017121,Secondary
1072,10.3390_microorganisms8121872,CHEMBL561,Secondary
1073,10.5194_acp-22-5701-2022,https://doi.org/10.6096/aeroclo.1774,Primary
1074,10.1371_journal.pcbi.1011828,E-PROT-105,Secondary
1075,10.1007_s00259-022-06053-8,https://doi.org/10.1259/bjr.20170508,Primary
1076,10.3390_s23177333,https://doi.org/10.5220/0006668400410051,Primary
1077,10.1186_s12864-019-6131-1,SRR6300650,Secondary
1078,10.1016_j.jlp.2022.104761,https://doi.org/10.1149/08901.0073ecst,Primary
1079,10.14379_iodp.proc.390393.208.2024,https://doi.org/10.1594/pangaea.964943,Primary
1080,10.3390_microorganisms8121872,CHEMBL3960662,Secondary
1081,10.3133_cir1497,https://doi.org/10.3996/062017-jfwm-050,Primary
1082,10.1186_s13326-019-0195-3,https://doi.org/10.1197/jamia.m2107,Primary
1083,10.3133_cir1497,https://doi.org/10.5066/p92bghw1,Primary
1084,10.3897_zoologia.35.e23481,https://doi.org/10.4039/ent91293-5,Primary
1085,10.1128_spectrum.00422-24,K02420,Secondary
1086,10.1029_2019jg005297,https://doi.org/10.1614/wsd1200156.1,Primary
1087,10.1101_2022.07.21.501061,https://doi.org/10.15468/dl.pdjqte,Primary
1088,10.1186_s12859-016-0922-z,GSM1722952,Secondary
1089,10.1002_2017jc013030,https://doi.org/10.5670/oceanog.2011,Primary
1090,10.1186_s13071-018-2964-8,PRJNA354110,Secondary
1091,10.1128_JVI.01717-21,EPI_ISL_293289,Secondary
1092,10.3897_jhr.96.111550,https://doi.org/10.15468/dl.x6cwjx,Primary
1093,10.1186_s12864-019-6099-x,SRR8906256,Secondary
1094,10.5194_essd-2019-206,https://doi.org/10.14358/pers.81.5.345,Primary
1095,10.1590_0102.3772e35417,https://doi.org/10.2223/jped.2042,Primary
1096,10.1111_cas.12935,CAB004592,Secondary
1097,10.1186_s12859-016-0922-z,SRR873834,Secondary
1098,10.1186_s12859-018-2146-x,https://doi.org/10.3724/sp.j.1206.2010.00104,Primary
1099,10.1038_s41598-020-59839-x,IPR020857,Secondary
1100,10.3390_molecules25010053,https://doi.org/10.1070/rcr4835,Primary
1101,10.1186_s13024-018-0254-8,https://doi.org/10.1189/jlb.0307191,Primary
1102,10.1111_cas.12935,HPA001426,Secondary
1103,10.1038_s41396-020-00885-8,PF00348,Secondary
1104,10.1080_19475683.2023.2226196,https://doi.org/10.15468/dl.be7krr,Primary
1105,10.7554_elife.74937,https://doi.org/10.1085/jgp.63.1.37,Primary
1106,10.7554_elife.29944,https://doi.org/10.2458/azu_js_rc.55.16947,Primary
1107,10.5194_gmd-12-4221-2019,https://doi.org/10.6075/j0k35s05,Primary
1108,10.1128_spectrum.00422-24,K02390,Secondary
1109,10.1007_s12559-020-09751-3,https://doi.org/10.7937/k9/tcia.2015.u1x8a5nr,Primary
1110,10.12688_f1000research.13852.1,https://doi.org/10.5256/f1000research.13852.d195529,Primary
1111,10.1007_s00442-022-05201-z,https://doi.org/10.5061/dryad.wpzgmsbps,Primary
1112,10.1186_s12920-019-0628-y,GSE49710,Secondary
1113,10.1128_spectrum.00422-24,PF03963,Secondary
1114,10.3390_d13010019,https://doi.org/10.2112/1551-5036,Primary
1115,10.1128_JVI.01717-21,EPI_ISL_445002,Secondary
1116,10.3390_molecules25010053,https://doi.org/10.1524/zkri.216.10.523.20368,Primary
1117,10.1186_s13568-018-0680-6,SRP144478,Secondary
1118,10.1186_s12859-018-2263-6,https://doi.org/10.1287/isre.2013.0480,Primary
1119,10.1186_s12870-020-02651-6,erx234,Secondary
1120,10.3389_fcell.2020.618552,E-MTAB-9290,Secondary
1121,10.1038_s41597-019-0101-y,SAMN10880015,Primary
1122,10.1145_3461702.3462538,https://doi.org/10.3886/icpsr36119.v1,Primary
1123,10.1111_1365-2656.12594,https://doi.org/10.5061/dryad.gb5mkkwk8,Primary
1124,10.3133_cir1497,https://doi.org/10.5066/p9s5pvon,Primary
1125,10.1186_s13059-020-1949-z,GSM3630203,Secondary
1126,10.1371_journal.pone.0159387,PRJNA74123,Secondary
1127,10.3389_fcell.2020.618552,E-MTAB-7862,Secondary
1128,10.1080_19475683.2023.2226196,https://doi.org/10.15468/dl.yc59mu,Primary
1129,10.1038_s41893-020-0559-9,https://doi.org/10.1256/qj.04.176,Primary
1130,10.1111_acel.13089,GSE141725,Secondary
1131,10.1111_ddi.13153,https://doi.org/10.25226/bboc.v138i3.2018.a2,Primary
1132,10.7554_eLife.63194,PF00998,Secondary
1133,10.1136_jitc-2021-003114,CVCL_1917,Secondary
1134,10.1101_096297,PRJEB15190,Secondary
1135,10.3390_microorganisms8121872,CHEMBL408500,Secondary
1136,10.7554_eLife.63194,https://doi.org/10.5061/dryad.fbg79cnsr,Primary
1137,10.1029_2020jf005675,https://doi.org/10.2151/jmsj.2018016,Primary
1138,10.1186_s12934-018-1005-9,PF12639,Secondary
1139,10.1186_s13024-018-0254-8,GSE49329,Secondary
1140,10.1136_jitc-2021-003114,CVCL_0395,Secondary
1141,10.1029_2018gl078007,https://doi.org/10.1525/j.bio.2012.62.4.11,Primary
1142,10.1186_s40168-018-0550-0,SRP058493,Secondary
1143,10.1371_journal.pone.0159387,PRJNA167255,Secondary
1144,10.1136_jitc-2021-003114,CVCL_2235,Secondary
1145,10.3390_microorganisms8121872,CHEMBL2436978,Secondary
1146,10.1136_jitc-2021-003114,CVCL_7151,Secondary
1147,10.1186_s12862-019-1509-x,https://doi.org/10.1359/jbmr.041225,Primary
1148,10.1038_s41396-020-00885-8,IPR033396,Secondary
1149,10.1107_s2059798322005691,https://doi.org/10.18150/lienz5,Primary
1150,10.3133_cir1497,https://doi.org/10.5066/p99onunm,Primary
1151,10.1186_s12881-019-0773-3,https://doi.org/10.1208/aapsj070481,Primary
1152,10.1021_acsomega.3c06074,https://doi.org/10.1289/ehp5580,Primary
1153,10.1186_s12903-018-0656-6,https://doi.org/10.7439/ijbar.v7i6.3269,Primary
1154,10.1186_s13073-019-0674-2,GSE138074,Secondary
1155,10.1186_s12967-020-02311-1,GSE10846,Secondary
1156,10.1186_s12859-016-0922-z,SRR873838,Secondary
1157,10.1186_s13072-019-0285-6,GSE49739,Secondary
1158,10.1098_rsos.190841,https://doi.org/10.5061/dryad.3b65k44,Primary
1159,10.1186_s12870-018-1542-8,GSE42871,Secondary
1160,10.1038_s41597-023-02280-2,EMPIAR-10387,Secondary
1161,10.1186_s12920-019-0646-9,https://doi.org/10.1302/2046-3758.77.bjr-2017-0274.r1,Primary
1162,10.1186_s13073-020-00727-4,PRJNA606748,Secondary
1163,10.1186_s13072-019-0285-6,GSE98967,Secondary
1164,10.1002_chem.202001668,K01438,Secondary
1165,10.12688_f1000research.13064.1,https://doi.org/10.5256/f1000research.13064.d183806,Primary
1166,10.3390_rs4102923,https://doi.org/10.1594/pangaea.780464,Primary
1167,10.1101_096297,PRJEB11897,Secondary
1168,10.1186_s12864-019-5872-1,ENSDARG00000003403,Secondary
1169,10.1186_s12864-019-6131-1,SRR6305144,Secondary
1170,10.5194_tc-17-3617-2023,https://doi.org/10.24381/cds.e2161bac,Primary
1171,10.3390_s23177333,https://doi.org/10.5281/zenodo.8090619,Primary
1172,10.1111_ddi.13161,https://doi.org/10.13020/z71wjx69,Primary
1173,10.3390_d13010019,https://doi.org/10.3170/2008-8-18374,Primary
1174,10.1002_ece3.6784,https://doi.org/10.25225/fozo.v66.i1.a4.2017,Primary
1175,10.1111_ddi.13153,https://doi.org/10.3161/15081109acc2019.21.1.003,Primary
1176,10.3390_microorganisms8121872,CHEMBL1568820,Secondary
1177,10.1371_journal.pcbi.1011828,PXD020454,Secondary
1178,10.1128_JVI.01717-21,EPI_ISL_293288,Secondary
1179,10.1371_journal.pone.0212669,E-GEOD-68720,Secondary
1180,10.7717_peerj.12422,https://doi.org/10.2807/ese.15.27.19606-en,Primary
1181,10.3389_fmicb.2024.1456637,SAMN12620702,Primary
1182,10.1038_s41598-020-59839-x,ENSBTAG00000013718,Secondary
1183,10.1038_s41396-020-00885-8,IPR036452,Secondary
1184,10.12688_f1000research.13483.1,https://doi.org/10.5256/f1000research.14641.r31452,Primary
1185,10.3389_fmicb.2024.1456637,https://doi.org/10.17236/sat00393,Primary
1186,10.5194_amt-15-3969-2022,https://doi.org/10.5334/jors.119,Primary
1187,10.1177_0018720820970751,https://doi.org/10.4121/13077797,Primary
1188,10.7717_peerj.10452,SAMN16233643,Primary
1189,10.1186_s12879-019-3766-0,https://doi.org/10.5402/2012/256261,Primary
1190,10.3389_fcimb.2024.1292467,EPI_ISL_2340626,Secondary
1191,10.1038_s41597-019-0101-y,SAMN10880034,Primary
1192,10.1002_2017jc013030,https://doi.org/10.17882/47142,Primary
1193,10.1186_s12859-016-0922-z,SRR950085,Secondary
1194,10.3390_v11060565,EPI1104286,Secondary
1195,10.1029_2023ea002840,https://doi.org/10.1594/pangaea.964081,Primary
1196,10.1038_s41597-019-0101-y,SAMN10880021,Primary
1197,10.1111_mec.16977,PRJNA955776,Secondary
1198,10.1186_s13072-019-0285-6,GSE95356,Secondary
1199,10.1186_s12864-019-5872-1,ENSDARG00000039241,Secondary
1200,10.1128_spectrum.00422-24,K03406,Secondary
1201,10.1590_fst.36617,https://doi.org/10.3746/jkfn.2017.46.4.465,Primary
1202,10.1038_s41597-019-0101-y,SAMN10880037,Primary
1203,10.1016_j.scitotenv.2024.171850,https://doi.org/10.31223/osf.io/e69bz,Primary
1204,10.1186_s12864-019-6131-1,ERX2234588,Secondary
1205,10.1371_journal.pone.0212669,E-GEOD-58697,Secondary
1206,10.3389_fpls.2023.1160645,https://doi.org/10.4038/jas.v8i2.5743,Primary
1207,10.1111_2041-210x.13817,https://doi.org/10.5061/dryad.fn2z34tw7,Primary
1208,10.5194_essd-2019-206,https://doi.org/10.18434/m32126,Primary
1209,10.3389_fmicb.2024.1456637,SAMN04505646,Primary
1210,10.1186_s13568-018-0680-6,https://doi.org/10.1079/pns19960088,Primary
1211,10.1002_2017jc013030,https://doi.org/10.1119/1.1991484,Primary
1212,10.1002_2017jc013030,https://doi.org/10.6028/jres.070c.025,Primary
1213,10.1111_bph.14747,ENSFM00500000270960,Secondary
1214,10.1186_s13072-019-0285-6,PRJNA522350,Secondary
1215,10.3389_feart.2023.1205211,https://doi.org/10.5066/p9j10nh5,Primary
1216,10.1534_g3.119.400993,GSE132167,Secondary
1217,10.1016_j.scitotenv.2024.171850,https://doi.org/10.4001/003.027.0477,Primary
1218,10.1371_journal.pcbi.1011828,E-PROT-110,Secondary
1219,10.1038_s41597-023-02280-2,EMPIAR-10093,Secondary
1220,10.1038_hdy.2015.99,https://doi.org/10.5061/dryad.f47f6,Primary
1221,10.3133_cir1497,https://doi.org/10.5066/f72z13n1,Primary
1222,10.3133_cir1497,https://doi.org/10.5066/p9fz4ojw,Primary
1223,10.7554_elife.73695,https://doi.org/10.7208/chicago/9780226102429.001.0001,Primary
1224,10.1371_journal.pone.0159387,PRJNA185511,Secondary
1225,10.1371_journal.pone.0212669,E-GEOD-46474,Secondary
1226,10.1016_j.molcel.2018.11.006,E-MTAB-5670,Secondary
1227,10.1002_nafm.10870,https://doi.org/10.5066/f75m63x0,Primary
1228,10.1038_s41598-020-59839-x,ENSOARG00000002239,Secondary
1229,10.1038_s41597-019-0101-y,SAMN10880019,Primary
1230,10.1073_pnas.2306723120,https://doi.org/10.15468/dl.k8zeq6,Primary
1231,10.7554_eLife.72626,CHEMBL3347550,Secondary
1232,10.3897_bdj.7.e47369,https://doi.org/10.15468/dl.6fsft1,Primary
1233,10.3390_v11060565,EPI954553,Secondary
1234,10.1080_19475683.2023.2226196,https://doi.org/10.15468/dl.qgemaq,Primary
1235,10.1186_s13059-019-1749-5,GSE126200,Secondary
1236,10.1186_s12864-020-6657-2,SRP051959,Secondary
1237,10.1371_journal.pone.0159387,PRJNA20133,Secondary
1238,10.5194_essd-2023-198,https://doi.org/10.12770/ec81af02-e049-4f99-8cc6-748ee0550d32,Primary
1239,10.1128_spectrum.00422-24,PF03748,Secondary
1240,10.1186_s12864-019-6131-1,PRJEB27669,Secondary
1241,10.3390_s19030479,https://doi.org/10.2200/s00590ed1v01y201408aim029,Primary
1242,10.3897_jhr.96.111550,https://doi.org/10.47446/osmia11.7,Primary
1243,10.1186_s12885-019-5681-6,https://doi.org/10.1677/erc.1.01280,Primary
1244,10.1186_s12885-018-4229-5,https://doi.org/10.2188/jea.je20120043,Primary
1245,10.1186_s13104-018-4014-1,SRX2499147,Secondary
1246,10.7717_peerj.10452,SAMN16233660,Primary
1247,10.1038_s41396-020-00885-8,IPR028730,Secondary
1248,10.1029_2019jg005297,https://doi.org/10.1614/wtd1000034.1,Primary
1249,10.1029_2023wr035126,https://doi.org/10.5281/zenodo.7859686,Primary
1250,10.1590_0104-530x4900-19,https://doi.org/10.4236/ajibm.2013.34043,Primary
1251,10.1186_s12859-018-2263-6,GSE7895,Secondary
1252,10.1186_s12903-018-0656-6,https://doi.org/10.5306/wjco.v6.i6.264,Primary
1253,10.1038_s41598-020-59839-x,ENSOARG00000012835,Secondary
1254,10.1016_j.jlp.2022.104761,https://doi.org/10.2172/918751,Primary
1255,10.1002_ecs2.4619,https://doi.org/10.6073/pasta/d835832d7fd00d9e4466e44eea87fab3,Primary
1256,10.1073_pnas.1705601114,https://doi.org/10.5061/dryad.7248c,Primary
1257,10.1029_2023wr035126,https://doi.org/10.5281/zenodo.839854,Primary
1258,10.1029_2021gl096173,https://doi.org/10.25326/09,Primary
1259,10.21203_rs.3.rs-2814013_v1,https://doi.org/10.1081/e-epcs120005566,Primary
1260,10.7717_peerj.10452,SAMN16233663,Primary
1261,10.1186_s13072-019-0285-6,GSE49733,Secondary
1262,10.21203_rs.3.rs-2814013_v1,https://doi.org/10.15468/dl.qv53hc,Primary
1263,10.1186_s13059-018-1557-3,https://doi.org/10.3791/50087,Primary
1264,10.1186_s13054-015-1052-0,GSE26378,Secondary
1265,10.1186_s13058-015-0618-8,https://doi.org/10.1198/jasa.2010.tm09415,Primary
1266,10.3390_v11060565,EPI954559,Secondary
1267,10.1186_s12859-018-2263-6,GSE83083,Secondary
1268,10.1002_mp.14424,https://doi.org/10.5281/zenodo.1313201,Primary
1269,10.5194_tc-17-3617-2023,https://doi.org/10.37053/lameteorologie-2021-0091,Primary
1270,10.1038_s41396-020-00885-8,PF05834,Secondary
1271,10.3390_molecules25010053,https://doi.org/10.3762/bjoc.12.221,Primary
1272,10.1186_s40478-018-0561-x,GSE110720,Secondary
1273,10.1128_spectrum.00422-24,K02413,Secondary
1274,10.3897_neobiota.82.87455,https://doi.org/10.2989/20702620.2014.999305,Primary
1275,10.1534_genetics.120.303190,https://doi.org/10.25386/genetics,Primary
1276,10.1038_s41598-020-59839-x,ENSBTAG00000011038,Secondary
1277,10.1186_s13104-019-4058-x,https://doi.org/10.1298/jjpta.vol17_003,Primary
1278,10.1128_spectrum.00422-24,K02387,Secondary
1279,10.1186_s12870-019-1632-2,erp094,Secondary
1280,10.12688_f1000research.13064.1,https://doi.org/10.5256/f1000research.14163.r27918,Primary
1281,10.12688_f1000research.13064.1,https://doi.org/10.5256/f1000research.14163.r28449,Primary
1282,10.1186_s12864-019-6131-1,SRR7194749,Secondary
1283,10.1186_s12864-019-5872-1,ENSDARG00000060016,Secondary
1284,10.1371_journal.pone.0159387,PRJNA167235,Secondary
1285,10.1038_s41396-020-00885-8,IPR021345,Secondary
1286,10.1186_s13020-020-00307-z,https://doi.org/10.4166/kjg.2015.66.6.312,Primary
1287,10.1186_s12866-020-01863-y,SRX8097933,Secondary
1288,10.1186_s12885-020-06724-5,https://doi.org/10.31557/apjcp.2019.20.1.135,Primary
1289,10.3390_s19030479,https://doi.org/10.4249/scholarpedia.1883,Primary
1290,10.1186_s12868-019-0514-8,https://doi.org/10.1203/pdr.0b013e318225fbcb,Primary
1291,10.5937_bnhmb1811227u,https://doi.org/10.15468/dl.ize4xx,Primary
1292,10.1186_s12870-020-2295-8,PRJNA605850,Secondary
1293,10.3390_s19030479,https://doi.org/10.2200/s00196ed1v01y200906aim006,Primary
1294,10.1186_s12859-016-0922-z,SRR950081,Secondary
1295,10.1186_s13059-020-1949-z,GSM3630200,Secondary
1296,10.1128_spectrum.00422-24,K03407,Secondary
1297,10.1038_s41597-019-0101-y,SAMN10880039,Primary
1298,10.1098_rsos.160417,https://doi.org/10.5061/dryad.2bs69,Primary
1299,10.1128_spectrum.00422-24,K02407,Secondary
1300,10.1186_s13072-019-0285-6,GSE51176,Secondary
1301,10.1080_19475683.2023.2226196,https://doi.org/10.3106/041.038.0103,Primary
1302,10.12688_f1000research.13622.1,https://doi.org/10.5256/f1000research.13622.d194233,Primary
1303,10.1186_s13071-018-3237-2,https://doi.org/10.3376/1081-1710,Primary
1304,10.1029_2019pa003774,https://doi.org/10.2113/0300110,Primary
1305,10.7717_peerj.12422,https://doi.org/10.15468/dl.82wsgb,Primary
1306,10.3390_v11060565,EPI1104288,Secondary
1307,10.7554_elife.62329,https://doi.org/10.5281/zenodo.11640,Primary
1308,10.3389_fmicb.2024.1456637,SAMN04505647,Primary
1309,10.1186_s12866-020-01863-y,SRX7550680,Secondary
1310,10.1186_s13054-019-2488-4,https://doi.org/10.12659/msm.911768,Primary
1311,10.1038_s41467-018-04041-x,https://doi.org/10.1594/pangaea.860727,Primary
1312,10.1186_s12870-019-1632-2,SAMN10345065,Primary
1313,10.1016_j.molcel.2018.11.006,GSE52279,Secondary
1314,10.1186_s12864-018-5198-4,PRJNA421475,Secondary
1315,10.21203_rs.3.rs-3338732_v1,https://doi.org/10.21203/rs.3.rs-3338732/v1,Primary
1316,10.1186_s13326-019-0195-3,https://doi.org/10.15265/iy-2017-030,Primary
1317,10.1186_s40168-017-0338-7,PRJNA349463,Secondary
1318,10.1371_journal.pcbi.1011828,PXD005709,Secondary
1319,10.1186_s12859-016-0922-z,SRR950087,Secondary
1320,10.3389_fcimb.2024.1292467,EPI_ISL_13295050,Secondary
1321,10.1039_d1ee03696c,https://doi.org/10.3334/cdiac/00001_v2017,Primary
1322,10.1590_1678-4685-gmb-2018-0055,SRR5438011,Secondary
1323,10.1111_1365-2435.13087,erx045,Secondary
1324,10.3389_feart.2023.1205211,https://doi.org/10.5066/p9f7k9f2,Primary
1325,10.3390_microorganisms8121872,CHEMBL3109593,Secondary
1326,10.1128_spectrum.00422-24,K03413,Secondary
1327,10.1038_s41437-020-0318-8,https://doi.org/10.5061/dryad.rxwdbrv58,Primary
1328,10.3389_fcimb.2024.1292467,EPI_ISL_2340581,Secondary
1329,10.1186_s13024-018-0266-4,PXD009137,Secondary
1330,10.3390_microorganisms8121872,CHEMBL402487,Secondary
1331,10.1186_s13073-019-0709-8,https://doi.org/10.5114/aoms.2010.13899,Primary
1332,10.1130_ges01387.1,https://doi.org/10.5066/f7930r7p,Primary
1333,10.1186_s12859-018-2263-6,GSE4115,Secondary
1334,10.7554_elife.29944,PRJNA384940,Secondary
1335,10.1186_s12859-017-1952-x,https://doi.org/10.3852/14-293,Primary
1336,10.1128_spectrum.00422-24,K03412,Secondary
1337,10.12688_f1000research.13622.1,https://doi.org/10.5256/f1000research.14799.r31828,Primary
1338,10.1590_1519-6984.192126,https://doi.org/10.4081/jlimnol.2000.s1.81,Primary
1339,10.1111_1365-2435.13431,https://doi.org/10.5061/dryad.d84hg87,Primary
1340,10.1186_s13072-019-0285-6,GSE81436,Secondary
1341,10.1186_s12885-018-4314-9,https://doi.org/10.4149/neo_2010_01_035,Primary
1342,10.3389_fpls.2023.1160645,https://doi.org/10.15480/882.1784,Primary
1343,10.1145_3461702.3462538,https://doi.org/10.3886/icpsr33525.v1,Primary
1344,10.1038_s41597-019-0101-y,SAMN10880016,Primary
1345,10.3389_fcell.2020.618552,https://doi.org/10.5281/zenodo.3951126,Primary
1346,10.1038_s41597-019-0101-y,SAMN10880020,Primary
1347,10.3389_feart.2023.1205211,https://doi.org/10.2343/geochemj.38.129,Primary
1348,10.1080_21645515.2023.2189598,NM_001127631,Secondary
1349,10.7554_elife.73695,https://doi.org/10.5607/en.2012.21.4.141,Primary
1350,10.1186_s12859-016-0922-z,SRR950079,Secondary
1351,10.1186_s12870-019-1632-2,SAMN10345062,Primary
1352,10.1186_s12885-019-5681-6,GSE128766,Secondary
1353,10.1371_journal.pone.0159387,PRJNA167243,Secondary
1354,10.3390_v11060565,EPI1104284,Secondary
1355,10.3389_fcimb.2024.1292467,EPI_ISL_17371329,Secondary
1356,10.1186_s13072-019-0285-6,GSE98063,Secondary
1357,10.1186_s11658-018-0120-2,GSE70604,Secondary
1358,10.1371_journal.pone.0159387,PRJNA217894,Secondary
1359,10.1590_1516-3180.2018.0270071218,https://doi.org/10.7322/abcs.v37i1.42,Primary
1360,10.3897_zookeys.500.9360,https://doi.org/10.5962/bhl.title.10123,Primary
1361,10.1186_s12934-018-1005-9,PF06013,Secondary
1362,10.1186_s12859-018-2263-6,GSE994,Secondary
1363,10.1038_s41597-019-0101-y,SAMN10880040,Primary
1364,10.1038_s41598-020-59839-x,IPR000264,Secondary
1365,10.1186_s13039-022-00631-z,GSE87048,Secondary
1366,10.1021_acsomega.3c06074,CHEMBL195180,Secondary
1367,10.1007_s00259-022-06053-8,https://doi.org/10.7937/tcia.2019.30ilqfcl,Primary
1368,10.12688_f1000research.11698.1,https://doi.org/10.5256/f1000research.11698.d196240,Primary
1369,10.1128_JVI.01717-21,EPI_ISL_445052,Secondary
1370,10.1371_journal.pone.0159387,PRJNA293,Secondary
1371,10.1130_ges01387.1,https://doi.org/10.5066/f7th8jwj,Primary
1372,10.1371_journal.pone.0212669,E-GEOD-53890,Secondary
1373,10.1186_s12859-016-0922-z,SRP023548,Secondary
1374,10.1098_rsos.170796,https://doi.org/10.1504/ijep.2008.02057,Primary
1375,10.3389_fpls.2023.1160645,https://doi.org/10.4121/21864590,Primary
1376,10.1186_s40793-015-0095-9,https://doi.org/10.1264/jsme2.me14127,Primary
1377,10.1128_JVI.01717-21,EPI_ISL_332401,Secondary
1378,10.12688_f1000research.11698.1,https://doi.org/10.5256/f1000research.12639.r25445,Primary
1379,10.3389_fmicb.2024.1456637,https://doi.org/10.7883/yoken.65.203,Primary
1380,10.3133_cir1497,https://doi.org/10.5066/p9hdxe32,Primary
1381,10.1534_g3.119.400993,https://doi.org/10.25387/g3.9626636,Primary
1382,10.1186_s13020-020-00307-z,https://doi.org/10.12659/msm.904492,Primary
1383,10.1371_journal.pcbi.1011828,E-PROT-102,Secondary
1384,10.1016_j.molcel.2018.11.006,GSE61188,Secondary
1385,10.1145_3461702.3462538,https://doi.org/10.3886/icpsr27647.v1,Primary
1386,10.1186_s12879-019-3766-0,https://doi.org/10.1157/13100463,Primary
1387,10.1534_g3.119.400993,https://doi.org/10.14806/ej.17.1.200,Primary
1388,10.1534_g3.119.400401,PRJNA473780,Secondary
1389,10.1128_spectrum.00422-24,K00575,Secondary
1390,10.1038_s41597-022-01555-4,https://doi.org/10.18383/j.tom.2019.00031,Primary
1391,10.1186_s12862-018-1213-2,https://doi.org/10.2216/i0031-8884-34-1-1.1,Primary
1392,10.3389_fmicb.2024.1456637,SAMN12620692,Primary
1393,10.1242_dev.138545,https://doi.org/10.1387/ijdb.052095cs,Primary
1394,10.1111_mec.16977,https://doi.org/10.5061/dryad.4mw6m90cz,Primary
1395,10.1186_s12934-018-1005-9,IPR028916,Secondary
1396,10.12688_f1000research.10556.1,https://doi.org/10.5256/f1000research.11375.r19107,Primary
1397,10.1186_s13024-018-0254-8,GSE74615,Secondary
1398,10.7554_eLife.63194,PF03368,Secondary
1399,10.7717_peerj.10452,SAMN16233655,Primary
1400,10.1038_s41396-020-00885-8,IPR006201,Secondary
1401,10.3390_v11060565,EPI954554,Secondary
1402,10.1080_19475683.2023.2226196,https://doi.org/10.4098/at.arch.89-6,Primary
1403,10.1093_nar_gkp1049,PF00106,Secondary
1404,10.1038_s41598-020-59839-x,ENSOARG00000013966,Secondary
1405,10.1038_s41597-023-02280-2,EMPIAR-10852,Secondary
1406,10.1186_s13059-020-1949-z,GSM3630202,Secondary
1407,10.1186_s12859-016-0922-z,SRR881272,Secondary
1408,10.1016_j.ast.2022.107401,https://doi.org/10.2514/1.c034121,Primary
1409,10.7554_elife.63455,https://doi.org/10.5061/dryad.qnk98sffp,Primary
1410,10.1140_epjc_s10052-016-4366-4,https://doi.org/10.5170/cern-2011-006,Primary
1411,10.7717_peerj.10452,SAMN16233654,Primary
1412,10.1186_s12859-017-1952-x,https://doi.org/10.3852/11-027,Primary
1413,10.3390_v11060565,EPI1387245,Secondary
1414,10.5194_se-13-1541-2022,https://doi.org/10.2312/gfz.b103-08095,Primary
1415,10.12688_f1000research.11698.1,https://doi.org/10.5256/f1000research.11698.d163789,Primary
1416,10.3389_fevo.2023.1112519,https://doi.org/10.14806/ej.17.1.200,Primary
1417,10.1038_s41598-024-56373-y,https://doi.org/10.18454/jbg.2017.3.5.1,Primary
1418,10.1002_ecs2.4619,PASTA/D835832D7FD00D9E4466E44EEA87FAB3,Secondary
1419,10.1038_s41597-019-0101-y,SAMN10880024,Primary
1420,10.1038_s41597-019-0101-y,SAMN10880030,Primary
1421,10.1186_s12859-016-0922-z,GSE70285,Secondary
1422,10.3390_v11060565,KX000734,Secondary
1423,10.21203_rs.3.rs-3338732_v1,https://doi.org/10.5066/p9vqpe9w,Primary
1424,10.1111_cas.12935,CAB010055,Secondary
1425,10.7717_peerj.12422,https://doi.org/10.15468/dl.t3h8b4,Primary
1426,10.1186_s13068-018-1316-4,GSE72765,Secondary
1427,10.1101_096297,PRJEB9450,Secondary
1428,10.1186_s12933-019-0813-5,https://doi.org/10.4239/wjd.v1.i3.76,Primary
1429,10.1038_s41597-019-0101-y,GSE130386,Secondary
1430,10.7717_peerj.13193,https://doi.org/10.6073/pasta/275ad28a2f31356cf9c2648531a16a2b,Primary
1431,10.5194_gmd-12-4221-2019,https://doi.org/10.7289/v5j1012q,Primary
1432,10.1186_s12885-017-3237-1,https://doi.org/10.4137/cin.s9983,Primary
1433,10.7717_peerj.10452,SAMN16233664,Primary
1434,10.1073_pnas.1711872115,https://doi.org/10.5281/zenodo.1135372,Primary
1435,10.12688_f1000research.13622.1,https://doi.org/10.5256/f1000research.13622.d194234,Primary
1436,10.1002_ecs2.1280,https://doi.org/10.5061/dryad.p3fg9,Primary
1437,10.1080_21645515.2023.2189598,ENSMMUT00000008499,Secondary
1438,10.7717_peerj.12422,https://doi.org/10.15468/dl.wgtneb,Primary
1439,10.1242_dev.138545,https://doi.org/10.5061/dryad.fj0qj,Primary
1440,10.1186_s12859-017-1952-x,SRP079401,Secondary
1441,10.1002_mp.14424,https://doi.org/10.7937/tcia.2020.6c7y-gq39,Primary
1442,10.1111_gcb.14974,https://doi.org/10.4031/mtsj.44.3.11,Primary
1443,10.1186_s12859-016-0922-z,SRR881852,Secondary
1444,10.21203_rs.3.rs-2814013_v1,https://doi.org/10.21826/2446-82312020v75e2020014,Primary
1445,10.1186_s12864-019-5872-1,ENSDARG00000023445,Secondary
1446,10.1186_s11689-019-9287-8,https://doi.org/10.1348/026151001166128,Primary
1447,10.3390_microorganisms8121872,CHEMBL4065616,Secondary
1448,10.1186_s13059-019-1924-8,E-MTAB-2323,Secondary
1449,10.1186_s12859-016-0922-z,GSE49712,Secondary
1450,10.1186_s12943-019-1017-z,SRP149488,Secondary
1451,10.1371_journal.pcbi.1011828,GSE41258,Secondary
1452,10.1002_ece3.6784,https://doi.org/10.26879/609,Primary
1453,10.3390_v11060565,EPI1019553,Secondary
1454,10.7717_peerj.10452,SAMN16233646,Primary
1455,10.1029_2023wr035126,https://doi.org/10.5066/p9cc9jex,Primary
1456,10.1038_s41597-019-0101-y,SRP184152,Secondary
1457,10.1038_s41598-020-59839-x,ENSBTAG00000009139,Secondary
1458,10.1186_s12920-018-0403-5,https://doi.org/10.1677/erc.0.0080047,Primary
1459,10.1029_2022gl100473,https://doi.org/10.1209/0295-5075/96/59003,Primary
1460,10.1038_s41598-021-85671-y,https://doi.org/10.7937/tcia.2019.8kap372n,Primary
1461,10.12688_f1000research.13483.1,https://doi.org/10.5256/f1000research.14641.r35769,Primary
1462,10.1145_3461702.3462538,https://doi.org/10.3886/icpsr25104.v1,Primary
1463,10.1038_s41598-024-56373-y,STH00996,Secondary
1464,10.5194_se-13-1541-2022,https://doi.org/10.7343/as-2017-262,Primary
1465,10.1186_s12864-019-6099-x,SRR8906254,Secondary
1466,10.1038_s41893-020-0559-9,https://doi.org/10.4000/rga.630,Primary
1467,10.1186_s12864-019-6131-1,SRR2028233,Secondary
1468,10.1186_s40851-018-0089-8,https://doi.org/10.2754/avb201281040383,Primary
1469,10.1186_s13039-022-00631-z,GSE67047,Secondary
1470,10.1111_eva.12768,https://doi.org/10.5061/dryad.rf79641,Primary
1471,10.1186_s12885-019-5681-6,CVCL_1785,Secondary
1472,10.3389_fmicb.2024.1456637,NC_017643.1,Secondary
1473,10.1038_s41597-019-0101-y,SAMN10880035,Primary
1474,10.1038_s41396-020-00885-8,PRJEB41235,Secondary
1475,10.1002_ece3.6303,https://doi.org/10.5061/dryad.37pvmcvgb,Primary
1476,10.3897_neobiota.82.87455,https://doi.org/10.15468/dl.yu2xpv,Primary
1477,10.1371_journal.pone.0159387,PRJNA32553,Secondary
1478,10.1039_d1ee03696c,https://doi.org/10.1149/1.3465636,Primary
1479,10.1186_s12859-016-0922-z,SRR881985,Secondary
1480,10.1038_s41396-020-00885-8,PRJEB6603,Secondary
1481,10.1242_bio.035071,https://doi.org/10.11609/jott.1753.8.4.8736-8738,Primary
1482,10.1111_1365-2664.13446,https://doi.org/10.1675/1524-4695,Primary
1483,10.1007_s00382-022-06361-7,https://doi.org/10.6075/j0154,Primary
1484,10.1038_s41597-019-0101-y,SAMN10880017,Primary
1485,10.3390_v11060565,EPI954556,Secondary
1486,10.5194_se-13-1541-2022,https://doi.org/10.17632/n92vwbg8zt.1,Primary
1487,10.1186_s12943-019-1017-z,GSE71651,Secondary
1488,10.3390_microorganisms8121872,CHEMBL3752642,Secondary
1489,10.1590_0034-7167-2018-0065,https://doi.org/10.3928/01484834-20090916-07,Primary
1490,10.18438_eblip29674,https://doi.org/10.2218/ijdc.v8i1.242,Primary
1491,10.1186_s13059-019-1924-8,GSE63525,Secondary
1492,10.7554_elife.42722,https://doi.org/10.5061/dryad.d0779mb,Primary
1493,10.3389_fcimb.2024.1292467,EPI_ISL_10271777,Secondary
1494,10.3133_ofr20231026,https://doi.org/10.5066/f7dz0771,Primary
1495,10.1038_s41597-019-0101-y,SAMN10880023,Primary
1496,10.1186_s12870-019-1632-2,SAMN10345063,Primary
1497,10.1029_2019pa003774,https://doi.org/10.2113/gsjfr.21.4.347,Primary
1498,10.3897_bdj.7.e47369,https://doi.org/10.5281/zenodo.15039,Primary
1499,10.1080_21645515.2023.2189598,ENSMMUT00000006359,Secondary
1500,10.1186_s13073-020-00727-4,https://doi.org/10.5858/arpa.2016-0527-oa,Primary
1501,10.3133_cir1497,https://doi.org/10.4095/313537,Primary
1502,10.7554_elife.29944,https://doi.org/10.23867/ri0033d,Primary
1503,10.1186_s13068-018-1316-4,https://doi.org/10.1263/jbb.101.1,Primary
1504,10.1128_JVI.01717-21,EPI_ISL_376123,Secondary
1505,10.1186_s12863-017-0513-7,Drp1,Secondary
1506,10.1186_s12864-019-6131-1,SRR2028057,Secondary
1507,10.1371_journal.pone.0212669,E-GEOD-39084,Secondary
1508,10.1080_21645515.2023.2189598,ENSMMUT00000023562,Secondary
1509,10.1186_s12885-017-3237-1,SRP101418,Secondary
1510,10.1111_cas.12935,HPA003927,Secondary
1511,10.1038_s41467-018-04041-x,https://doi.org/10.1594/pangaea.876062,Primary
1512,10.1002_nafm.10870,https://doi.org/10.5066/p9gtumay,Primary
1513,10.1038_s41597-022-01555-4,https://doi.org/10.7937/tcia.xc7a-qt20,Primary
1514,10.7717_peerj.10452,SAMN16233641,Primary
1515,10.1186_s12864-015-2206-9,SRX015793,Secondary
1516,10.1128_spectrum.00422-24,K02405,Secondary
1517,10.1186_s13072-019-0285-6,GSE80049,Secondary
1518,10.5194_tc-17-3617-2023,https://doi.org/10.24381/cds.adbb2d47,Primary
1519,10.1186_s12864-019-5872-1,ENSDARG00000076364,Secondary
1520,10.1111_1365-2664.13128,https://doi.org/10.5061/dryad.n3k9f,Primary
1521,10.7554_eLife.72626,https://doi.org/10.6019/chembl.database.23,Primary
1522,10.1038_s41598-020-59839-x,ENSBTAG00000009143,Secondary
1523,10.1186_s12859-016-0922-z,SRR880232,Secondary
1524,10.7717_peerj.10452,SAMN16233651,Primary
1525,10.1111_1365-2656.12501,https://doi.org/10.5061/dryad.m02hm,Primary
1526,10.1111_1365-2664.13446,https://doi.org/10.3838/jjo.64.183,Primary
1527,10.5194_acp-22-2769-2022,https://doi.org/10.5281/zenodo.3733448,Primary
1528,10.1136_jitc-2021-003114,CVCL_D615,Secondary
1529,10.1186_s40169-019-0253-6,https://doi.org/10.1227/neu.0b013e3182233e24,Primary
1530,10.1038_s41396-020-00885-8,IPR016201,Secondary
1531,10.1186_s12864-019-6131-1,PRJEB13246,Secondary
1532,10.5194_essd-2023-187,https://doi.org/10.17882/94040,Primary
